<?xml version='1.0' encoding='UTF-8' standalone='no'?>
<doxygen xmlns:xsi="http://www.w3.org/2001/XMLSchema-instance" xsi:noNamespaceSchemaLocation="compound.xsd" version="1.8.15">
  <compounddef id="_customer_register_servlet_8java" kind="file" language="Java">
    <compoundname>CustomerRegisterServlet.java</compoundname>
    <innerclass refid="class_customer_register_servlet" prot="public">CustomerRegisterServlet</innerclass>
    <briefdescription>
    </briefdescription>
    <detaileddescription>
    </detaileddescription>
    <programlisting>
<codeline lineno="1"><highlight class="comment">/*</highlight></codeline>
<codeline lineno="2"><highlight class="comment"><sp/>*<sp/>To<sp/>change<sp/>this<sp/>license<sp/>header,<sp/>choose<sp/>License<sp/>Headers<sp/>in<sp/>Project<sp/>Properties.</highlight></codeline>
<codeline lineno="3"><highlight class="comment"><sp/>*<sp/>To<sp/>change<sp/>this<sp/>template<sp/>file,<sp/>choose<sp/>Tools<sp/>|<sp/>Templates</highlight></codeline>
<codeline lineno="4"><highlight class="comment"><sp/>*<sp/>and<sp/>open<sp/>the<sp/>template<sp/>in<sp/>the<sp/>editor.</highlight></codeline>
<codeline lineno="5"><highlight class="comment"><sp/>*/</highlight><highlight class="normal"></highlight></codeline>
<codeline lineno="6"><highlight class="normal"></highlight></codeline>
<codeline lineno="7"><highlight class="normal"></highlight><highlight class="keyword">import</highlight><highlight class="normal"><sp/>java.io.IOException;</highlight></codeline>
<codeline lineno="8"><highlight class="normal"></highlight><highlight class="keyword">import</highlight><highlight class="normal"><sp/>java.io.PrintWriter;</highlight></codeline>
<codeline lineno="9"><highlight class="normal"></highlight><highlight class="keyword">import</highlight><highlight class="normal"><sp/>java.rmi.registry.LocateRegistry;</highlight></codeline>
<codeline lineno="10"><highlight class="normal"></highlight><highlight class="keyword">import</highlight><highlight class="normal"><sp/>java.rmi.registry.Registry;</highlight></codeline>
<codeline lineno="11"><highlight class="normal"></highlight><highlight class="keyword">import</highlight><highlight class="normal"><sp/>javax.servlet.RequestDispatcher;</highlight></codeline>
<codeline lineno="12"><highlight class="normal"></highlight><highlight class="keyword">import</highlight><highlight class="normal"><sp/>javax.servlet.ServletException;</highlight></codeline>
<codeline lineno="13"><highlight class="normal"></highlight><highlight class="keyword">import</highlight><highlight class="normal"><sp/>javax.servlet.http.HttpServlet;</highlight></codeline>
<codeline lineno="14"><highlight class="normal"></highlight><highlight class="keyword">import</highlight><highlight class="normal"><sp/>javax.servlet.http.HttpServletRequest;</highlight></codeline>
<codeline lineno="15"><highlight class="normal"></highlight><highlight class="keyword">import</highlight><highlight class="normal"><sp/>javax.servlet.http.HttpServletResponse;</highlight></codeline>
<codeline lineno="16"><highlight class="normal"></highlight></codeline>
<codeline lineno="21" refid="class_customer_register_servlet" refkind="compound"><highlight class="keyword">public</highlight><highlight class="normal"><sp/></highlight><highlight class="keyword">class<sp/></highlight><highlight class="normal"><ref refid="class_customer_register_servlet" kindref="compound">CustomerRegisterServlet</ref><sp/></highlight><highlight class="keyword">extends</highlight><highlight class="normal"><sp/>HttpServlet<sp/>{</highlight></codeline>
<codeline lineno="22"><highlight class="normal"></highlight></codeline>
<codeline lineno="32" refid="class_customer_register_servlet_1a107ac767839a6faf83b5530c737e94e3" refkind="member"><highlight class="normal"><sp/><sp/><sp/><sp/></highlight><highlight class="keyword">protected</highlight><highlight class="normal"><sp/></highlight><highlight class="keywordtype">void</highlight><highlight class="normal"><sp/><ref refid="class_customer_register_servlet_1a107ac767839a6faf83b5530c737e94e3" kindref="member">processRequest</ref>(HttpServletRequest<sp/>request,<sp/>HttpServletResponse<sp/>response)</highlight></codeline>
<codeline lineno="33"><highlight class="normal"><sp/><sp/><sp/><sp/><sp/><sp/><sp/><sp/><sp/><sp/><sp/><sp/></highlight><highlight class="keywordflow">throws</highlight><highlight class="normal"><sp/>ServletException,<sp/>IOException<sp/>{</highlight></codeline>
<codeline lineno="34"><highlight class="normal"><sp/><sp/><sp/><sp/><sp/><sp/><sp/><sp/></highlight><highlight class="keywordtype">boolean</highlight><highlight class="normal"><sp/>fromServer<sp/>=<sp/></highlight><highlight class="keyword">false</highlight><highlight class="normal">;</highlight></codeline>
<codeline lineno="35"><highlight class="normal"></highlight></codeline>
<codeline lineno="36"><highlight class="normal"><sp/><sp/><sp/><sp/><sp/><sp/><sp/><sp/>response.setContentType(</highlight><highlight class="stringliteral">&quot;text/html;charset=UTF-8&quot;</highlight><highlight class="normal">);</highlight></codeline>
<codeline lineno="37"><highlight class="normal"><sp/><sp/><sp/><sp/><sp/><sp/><sp/><sp/>PrintWriter<sp/>out<sp/>=<sp/>response.getWriter();</highlight></codeline>
<codeline lineno="38"><highlight class="normal"><sp/><sp/><sp/><sp/><sp/><sp/><sp/><sp/>String<sp/>name<sp/>=<sp/>request.getParameter(</highlight><highlight class="stringliteral">&quot;name&quot;</highlight><highlight class="normal">);</highlight></codeline>
<codeline lineno="39"><highlight class="normal"><sp/><sp/><sp/><sp/><sp/><sp/><sp/><sp/>String<sp/>email<sp/>=<sp/>request.getParameter(</highlight><highlight class="stringliteral">&quot;email&quot;</highlight><highlight class="normal">);</highlight></codeline>
<codeline lineno="40"><highlight class="normal"><sp/><sp/><sp/><sp/><sp/><sp/><sp/><sp/>String<sp/>password<sp/>=<sp/>request.getParameter(</highlight><highlight class="stringliteral">&quot;password&quot;</highlight><highlight class="normal">);</highlight></codeline>
<codeline lineno="41"><highlight class="normal"></highlight></codeline>
<codeline lineno="42"><highlight class="normal"><sp/><sp/><sp/><sp/><sp/><sp/><sp/><sp/></highlight><highlight class="keywordflow">try</highlight><highlight class="normal"><sp/>{</highlight></codeline>
<codeline lineno="43"><highlight class="normal"><sp/><sp/><sp/><sp/><sp/><sp/><sp/><sp/><sp/><sp/><sp/><sp/>Registry<sp/>registry<sp/>=<sp/>LocateRegistry.getRegistry(40001);</highlight></codeline>
<codeline lineno="44"><highlight class="normal"><sp/><sp/><sp/><sp/><sp/><sp/><sp/><sp/><sp/><sp/><sp/><sp/><ref refid="interface_customer_interface" kindref="compound">CustomerInterface</ref><sp/>stub<sp/>=<sp/>(<ref refid="interface_customer_interface" kindref="compound">CustomerInterface</ref>)<sp/>registry.lookup(</highlight><highlight class="stringliteral">&quot;Customer&quot;</highlight><highlight class="normal">);</highlight></codeline>
<codeline lineno="45"><highlight class="normal"><sp/><sp/><sp/><sp/><sp/><sp/><sp/><sp/><sp/><sp/><sp/><sp/></highlight><highlight class="comment">//<sp/>Calling<sp/>the<sp/>remote<sp/>method<sp/>using<sp/>the<sp/>obtained<sp/>object<sp/></highlight><highlight class="normal"></highlight></codeline>
<codeline lineno="46"><highlight class="normal"><sp/><sp/><sp/><sp/><sp/><sp/><sp/><sp/><sp/><sp/><sp/><sp/></highlight><highlight class="comment">//<sp/>list<sp/>=<sp/>(List)stub.getCustomer();<sp/></highlight><highlight class="normal"></highlight></codeline>
<codeline lineno="47"><highlight class="normal"><sp/><sp/><sp/><sp/><sp/><sp/><sp/><sp/><sp/><sp/><sp/><sp/></highlight><highlight class="comment">//<sp/><sp/>fromServer<sp/>=<sp/>stub.sayHello(&quot;Oishee&quot;);</highlight><highlight class="normal"></highlight></codeline>
<codeline lineno="48"><highlight class="normal"><sp/><sp/><sp/><sp/><sp/><sp/><sp/><sp/><sp/><sp/><sp/><sp/>fromServer<sp/>=<sp/>stub.<ref refid="interface_customer_interface_1ad0130eaa14a8f40060a9328aeedab244" kindref="member">registerCustomer</ref>(name,<sp/>email,<sp/>password);</highlight></codeline>
<codeline lineno="49"><highlight class="normal"></highlight></codeline>
<codeline lineno="50"><highlight class="normal"><sp/><sp/><sp/><sp/><sp/><sp/><sp/><sp/>}<sp/></highlight><highlight class="keywordflow">catch</highlight><highlight class="normal"><sp/>(Exception<sp/>ex)<sp/>{</highlight></codeline>
<codeline lineno="51"><highlight class="normal"><sp/><sp/><sp/><sp/><sp/><sp/><sp/><sp/><sp/><sp/><sp/><sp/>ex.printStackTrace();</highlight></codeline>
<codeline lineno="52"><highlight class="normal"><sp/><sp/><sp/><sp/><sp/><sp/><sp/><sp/>}</highlight></codeline>
<codeline lineno="53"><highlight class="normal"></highlight></codeline>
<codeline lineno="54"><highlight class="normal"><sp/><sp/><sp/><sp/><sp/><sp/><sp/><sp/></highlight><highlight class="keywordflow">if</highlight><highlight class="normal"><sp/>(fromServer)<sp/>{</highlight></codeline>
<codeline lineno="55"><highlight class="normal"><sp/><sp/><sp/><sp/><sp/><sp/><sp/><sp/><sp/><sp/><sp/><sp/>out.print(</highlight><highlight class="stringliteral">&quot;Registration<sp/>Successful,<sp/>Login<sp/>To<sp/>Proceed&quot;</highlight><highlight class="normal">);</highlight></codeline>
<codeline lineno="56"><highlight class="normal"><sp/><sp/><sp/><sp/><sp/><sp/><sp/><sp/><sp/><sp/><sp/><sp/>RequestDispatcher<sp/>rs<sp/>=<sp/>request.getRequestDispatcher(</highlight><highlight class="stringliteral">&quot;/index.html&quot;</highlight><highlight class="normal">);</highlight></codeline>
<codeline lineno="57"><highlight class="normal"><sp/><sp/><sp/><sp/><sp/><sp/><sp/><sp/><sp/><sp/><sp/><sp/>rs.forward(request,<sp/>response);</highlight></codeline>
<codeline lineno="58"><highlight class="normal"><sp/><sp/><sp/><sp/><sp/><sp/><sp/><sp/>}<sp/></highlight><highlight class="keywordflow">else</highlight><highlight class="normal"><sp/>{</highlight></codeline>
<codeline lineno="59"><highlight class="normal"><sp/><sp/><sp/><sp/><sp/><sp/><sp/><sp/><sp/><sp/><sp/><sp/>out.print(</highlight><highlight class="stringliteral">&quot;This<sp/>email<sp/>is<sp/>already<sp/>in<sp/>use&quot;</highlight><highlight class="normal">);</highlight></codeline>
<codeline lineno="60"><highlight class="normal"><sp/><sp/><sp/><sp/><sp/><sp/><sp/><sp/><sp/><sp/><sp/><sp/>RequestDispatcher<sp/>rs<sp/>=<sp/>request.getRequestDispatcher(</highlight><highlight class="stringliteral">&quot;/register.html&quot;</highlight><highlight class="normal">);</highlight></codeline>
<codeline lineno="61"><highlight class="normal"><sp/><sp/><sp/><sp/><sp/><sp/><sp/><sp/><sp/><sp/><sp/><sp/>rs.include(request,<sp/>response);</highlight></codeline>
<codeline lineno="62"><highlight class="normal"><sp/><sp/><sp/><sp/><sp/><sp/><sp/><sp/>}</highlight></codeline>
<codeline lineno="63"><highlight class="normal"></highlight></codeline>
<codeline lineno="64"><highlight class="normal"><sp/><sp/><sp/><sp/>}</highlight></codeline>
<codeline lineno="65"><highlight class="normal"></highlight></codeline>
<codeline lineno="66"><highlight class="normal"><sp/><sp/><sp/><sp/></highlight><highlight class="comment">//<sp/>&lt;editor-fold<sp/>defaultstate=&quot;collapsed&quot;<sp/>desc=&quot;HttpServlet<sp/>methods.<sp/>Click<sp/>on<sp/>the<sp/>+<sp/>sign<sp/>on<sp/>the<sp/>left<sp/>to<sp/>edit<sp/>the<sp/>code.&quot;&gt;</highlight></codeline>
<codeline lineno="75"><highlight class="comment"></highlight><highlight class="normal"><sp/><sp/><sp/><sp/>@Override</highlight></codeline>
<codeline lineno="76" refid="class_customer_register_servlet_1a07b3e622f75a3b6e0138917342a965f6" refkind="member"><highlight class="normal"><sp/><sp/><sp/><sp/></highlight><highlight class="keyword">protected</highlight><highlight class="normal"><sp/></highlight><highlight class="keywordtype">void</highlight><highlight class="normal"><sp/><ref refid="class_customer_register_servlet_1a07b3e622f75a3b6e0138917342a965f6" kindref="member">doGet</ref>(HttpServletRequest<sp/>request,<sp/>HttpServletResponse<sp/>response)</highlight></codeline>
<codeline lineno="77"><highlight class="normal"><sp/><sp/><sp/><sp/><sp/><sp/><sp/><sp/><sp/><sp/><sp/><sp/></highlight><highlight class="keywordflow">throws</highlight><highlight class="normal"><sp/>ServletException,<sp/>IOException<sp/>{</highlight></codeline>
<codeline lineno="78"><highlight class="normal"><sp/><sp/><sp/><sp/><sp/><sp/><sp/><sp/><ref refid="class_customer_register_servlet_1a107ac767839a6faf83b5530c737e94e3" kindref="member">processRequest</ref>(request,<sp/>response);</highlight></codeline>
<codeline lineno="79"><highlight class="normal"><sp/><sp/><sp/><sp/>}</highlight></codeline>
<codeline lineno="80"><highlight class="normal"></highlight></codeline>
<codeline lineno="89"><highlight class="normal"><sp/><sp/><sp/><sp/>@Override</highlight></codeline>
<codeline lineno="90" refid="class_customer_register_servlet_1a73046b2af05ebce0606ff854c444c1cd" refkind="member"><highlight class="normal"><sp/><sp/><sp/><sp/></highlight><highlight class="keyword">protected</highlight><highlight class="normal"><sp/></highlight><highlight class="keywordtype">void</highlight><highlight class="normal"><sp/><ref refid="class_customer_register_servlet_1a73046b2af05ebce0606ff854c444c1cd" kindref="member">doPost</ref>(HttpServletRequest<sp/>request,<sp/>HttpServletResponse<sp/>response)</highlight></codeline>
<codeline lineno="91"><highlight class="normal"><sp/><sp/><sp/><sp/><sp/><sp/><sp/><sp/><sp/><sp/><sp/><sp/></highlight><highlight class="keywordflow">throws</highlight><highlight class="normal"><sp/>ServletException,<sp/>IOException<sp/>{</highlight></codeline>
<codeline lineno="92"><highlight class="normal"><sp/><sp/><sp/><sp/><sp/><sp/><sp/><sp/><ref refid="class_customer_register_servlet_1a107ac767839a6faf83b5530c737e94e3" kindref="member">processRequest</ref>(request,<sp/>response);</highlight></codeline>
<codeline lineno="93"><highlight class="normal"><sp/><sp/><sp/><sp/>}</highlight></codeline>
<codeline lineno="94"><highlight class="normal"></highlight></codeline>
<codeline lineno="100"><highlight class="normal"><sp/><sp/><sp/><sp/>@Override</highlight></codeline>
<codeline lineno="101" refid="class_customer_register_servlet_1abe5627557f5da5d340e39f3409700b3e" refkind="member"><highlight class="normal"><sp/><sp/><sp/><sp/></highlight><highlight class="keyword">public</highlight><highlight class="normal"><sp/>String<sp/><ref refid="class_customer_register_servlet_1abe5627557f5da5d340e39f3409700b3e" kindref="member">getServletInfo</ref>()<sp/>{</highlight></codeline>
<codeline lineno="102"><highlight class="normal"><sp/><sp/><sp/><sp/><sp/><sp/><sp/><sp/></highlight><highlight class="keywordflow">return</highlight><highlight class="normal"><sp/></highlight><highlight class="stringliteral">&quot;Short<sp/>description&quot;</highlight><highlight class="normal">;</highlight></codeline>
<codeline lineno="103"><highlight class="normal"><sp/><sp/><sp/><sp/>}</highlight><highlight class="comment">//<sp/>&lt;/editor-fold&gt;</highlight><highlight class="normal"></highlight></codeline>
<codeline lineno="104"><highlight class="normal"></highlight></codeline>
<codeline lineno="105"><highlight class="normal">}</highlight></codeline>
    </programlisting>
    <location file="src/java/CustomerRegisterServlet.java"/>
  </compounddef>
</doxygen>
