<?xml version='1.0' encoding='UTF-8' standalone='no'?>
<doxygen xmlns:xsi="http://www.w3.org/2001/XMLSchema-instance" xsi:noNamespaceSchemaLocation="compound.xsd" version="1.8.15">
  <compounddef id="_customer_logout_servelet_8java" kind="file" language="Java">
    <compoundname>CustomerLogoutServelet.java</compoundname>
    <innerclass refid="class_customer_logout_servelet" prot="public">CustomerLogoutServelet</innerclass>
    <briefdescription>
    </briefdescription>
    <detaileddescription>
    </detaileddescription>
    <programlisting>
<codeline lineno="1"><highlight class="comment">/*</highlight></codeline>
<codeline lineno="2"><highlight class="comment"><sp/>*<sp/>To<sp/>change<sp/>this<sp/>license<sp/>header,<sp/>choose<sp/>License<sp/>Headers<sp/>in<sp/>Project<sp/>Properties.</highlight></codeline>
<codeline lineno="3"><highlight class="comment"><sp/>*<sp/>To<sp/>change<sp/>this<sp/>template<sp/>file,<sp/>choose<sp/>Tools<sp/>|<sp/>Templates</highlight></codeline>
<codeline lineno="4"><highlight class="comment"><sp/>*<sp/>and<sp/>open<sp/>the<sp/>template<sp/>in<sp/>the<sp/>editor.</highlight></codeline>
<codeline lineno="5"><highlight class="comment"><sp/>*/</highlight><highlight class="normal"></highlight></codeline>
<codeline lineno="6"><highlight class="normal"></highlight></codeline>
<codeline lineno="7"><highlight class="normal"></highlight><highlight class="keyword">import</highlight><highlight class="normal"><sp/>java.io.IOException;</highlight></codeline>
<codeline lineno="8"><highlight class="normal"></highlight><highlight class="keyword">import</highlight><highlight class="normal"><sp/>java.io.PrintWriter;</highlight></codeline>
<codeline lineno="9"><highlight class="normal"></highlight><highlight class="keyword">import</highlight><highlight class="normal"><sp/>javax.servlet.ServletException;</highlight></codeline>
<codeline lineno="10"><highlight class="normal"></highlight><highlight class="keyword">import</highlight><highlight class="normal"><sp/>javax.servlet.http.HttpServlet;</highlight></codeline>
<codeline lineno="11"><highlight class="normal"></highlight><highlight class="keyword">import</highlight><highlight class="normal"><sp/>javax.servlet.http.HttpServletRequest;</highlight></codeline>
<codeline lineno="12"><highlight class="normal"></highlight><highlight class="keyword">import</highlight><highlight class="normal"><sp/>javax.servlet.http.HttpServletResponse;</highlight></codeline>
<codeline lineno="13"><highlight class="normal"></highlight><highlight class="keyword">import</highlight><highlight class="normal"><sp/>javax.servlet.http.HttpSession;</highlight></codeline>
<codeline lineno="14"><highlight class="normal"></highlight></codeline>
<codeline lineno="19" refid="class_customer_logout_servelet" refkind="compound"><highlight class="keyword">public</highlight><highlight class="normal"><sp/></highlight><highlight class="keyword">class<sp/></highlight><highlight class="normal"><ref refid="class_customer_logout_servelet" kindref="compound">CustomerLogoutServelet</ref><sp/></highlight><highlight class="keyword">extends</highlight><highlight class="normal"><sp/>HttpServlet<sp/>{</highlight></codeline>
<codeline lineno="20"><highlight class="normal"></highlight></codeline>
<codeline lineno="30" refid="class_customer_logout_servelet_1ae054a92974c047b987a6b978da7933bf" refkind="member"><highlight class="normal"><sp/><sp/><sp/><sp/></highlight><highlight class="keyword">protected</highlight><highlight class="normal"><sp/></highlight><highlight class="keywordtype">void</highlight><highlight class="normal"><sp/><ref refid="class_customer_logout_servelet_1ae054a92974c047b987a6b978da7933bf" kindref="member">processRequest</ref>(HttpServletRequest<sp/>request,<sp/>HttpServletResponse<sp/>response)</highlight></codeline>
<codeline lineno="31"><highlight class="normal"><sp/><sp/><sp/><sp/><sp/><sp/><sp/><sp/><sp/><sp/><sp/><sp/></highlight><highlight class="keywordflow">throws</highlight><highlight class="normal"><sp/>ServletException,<sp/>IOException<sp/>{</highlight></codeline>
<codeline lineno="32"><highlight class="normal"><sp/><sp/><sp/><sp/><sp/><sp/><sp/><sp/>response.setContentType(</highlight><highlight class="stringliteral">&quot;text/html;charset=UTF-8&quot;</highlight><highlight class="normal">);</highlight></codeline>
<codeline lineno="33"><highlight class="normal"></highlight></codeline>
<codeline lineno="34"><highlight class="normal"><sp/><sp/><sp/><sp/><sp/><sp/><sp/><sp/></highlight><highlight class="comment">/*<sp/>TODO<sp/>output<sp/>your<sp/>page<sp/>here.<sp/>You<sp/>may<sp/>use<sp/>following<sp/>sample<sp/>code.<sp/>*/</highlight><highlight class="normal"></highlight></codeline>
<codeline lineno="35"><highlight class="normal"><sp/><sp/><sp/><sp/><sp/><sp/><sp/><sp/>PrintWriter<sp/>out<sp/>=<sp/>response.getWriter();</highlight></codeline>
<codeline lineno="36"><highlight class="normal"></highlight></codeline>
<codeline lineno="37"><highlight class="normal"><sp/><sp/><sp/><sp/><sp/><sp/><sp/><sp/>request.getRequestDispatcher(</highlight><highlight class="stringliteral">&quot;/index.html&quot;</highlight><highlight class="normal">).include(request,<sp/>response);</highlight></codeline>
<codeline lineno="38"><highlight class="normal"></highlight></codeline>
<codeline lineno="39"><highlight class="normal"><sp/><sp/><sp/><sp/><sp/><sp/><sp/><sp/>HttpSession<sp/>session<sp/>=<sp/>request.getSession();</highlight></codeline>
<codeline lineno="40"><highlight class="normal"><sp/><sp/><sp/><sp/><sp/><sp/><sp/><sp/>session.invalidate();</highlight></codeline>
<codeline lineno="41"><highlight class="normal"></highlight></codeline>
<codeline lineno="42"><highlight class="normal"><sp/><sp/><sp/><sp/><sp/><sp/><sp/><sp/>out.print(</highlight><highlight class="stringliteral">&quot;You<sp/>are<sp/>successfully<sp/>logged<sp/>out!&quot;</highlight><highlight class="normal">);</highlight></codeline>
<codeline lineno="43"><highlight class="normal"></highlight></codeline>
<codeline lineno="44"><highlight class="normal"><sp/><sp/><sp/><sp/><sp/><sp/><sp/><sp/>out.close();</highlight></codeline>
<codeline lineno="45"><highlight class="normal"></highlight></codeline>
<codeline lineno="46"><highlight class="normal"><sp/><sp/><sp/><sp/>}</highlight></codeline>
<codeline lineno="47"><highlight class="normal"></highlight></codeline>
<codeline lineno="48"><highlight class="normal"><sp/><sp/><sp/><sp/></highlight><highlight class="comment">//<sp/>&lt;editor-fold<sp/>defaultstate=&quot;collapsed&quot;<sp/>desc=&quot;HttpServlet<sp/>methods.<sp/>Click<sp/>on<sp/>the<sp/>+<sp/>sign<sp/>on<sp/>the<sp/>left<sp/>to<sp/>edit<sp/>the<sp/>code.&quot;&gt;</highlight></codeline>
<codeline lineno="57"><highlight class="comment"></highlight><highlight class="normal"><sp/><sp/><sp/><sp/>@Override</highlight></codeline>
<codeline lineno="58" refid="class_customer_logout_servelet_1a72e196fe29f23ff2e9aec1d0537b20a9" refkind="member"><highlight class="normal"><sp/><sp/><sp/><sp/></highlight><highlight class="keyword">protected</highlight><highlight class="normal"><sp/></highlight><highlight class="keywordtype">void</highlight><highlight class="normal"><sp/><ref refid="class_customer_logout_servelet_1a72e196fe29f23ff2e9aec1d0537b20a9" kindref="member">doGet</ref>(HttpServletRequest<sp/>request,<sp/>HttpServletResponse<sp/>response)</highlight></codeline>
<codeline lineno="59"><highlight class="normal"><sp/><sp/><sp/><sp/><sp/><sp/><sp/><sp/><sp/><sp/><sp/><sp/></highlight><highlight class="keywordflow">throws</highlight><highlight class="normal"><sp/>ServletException,<sp/>IOException<sp/>{</highlight></codeline>
<codeline lineno="60"><highlight class="normal"><sp/><sp/><sp/><sp/><sp/><sp/><sp/><sp/><ref refid="class_customer_logout_servelet_1ae054a92974c047b987a6b978da7933bf" kindref="member">processRequest</ref>(request,<sp/>response);</highlight></codeline>
<codeline lineno="61"><highlight class="normal"><sp/><sp/><sp/><sp/>}</highlight></codeline>
<codeline lineno="62"><highlight class="normal"></highlight></codeline>
<codeline lineno="71"><highlight class="normal"><sp/><sp/><sp/><sp/>@Override</highlight></codeline>
<codeline lineno="72" refid="class_customer_logout_servelet_1aa53ae0f8d85d6e606c1ba73ee0323154" refkind="member"><highlight class="normal"><sp/><sp/><sp/><sp/></highlight><highlight class="keyword">protected</highlight><highlight class="normal"><sp/></highlight><highlight class="keywordtype">void</highlight><highlight class="normal"><sp/><ref refid="class_customer_logout_servelet_1aa53ae0f8d85d6e606c1ba73ee0323154" kindref="member">doPost</ref>(HttpServletRequest<sp/>request,<sp/>HttpServletResponse<sp/>response)</highlight></codeline>
<codeline lineno="73"><highlight class="normal"><sp/><sp/><sp/><sp/><sp/><sp/><sp/><sp/><sp/><sp/><sp/><sp/></highlight><highlight class="keywordflow">throws</highlight><highlight class="normal"><sp/>ServletException,<sp/>IOException<sp/>{</highlight></codeline>
<codeline lineno="74"><highlight class="normal"><sp/><sp/><sp/><sp/><sp/><sp/><sp/><sp/><ref refid="class_customer_logout_servelet_1ae054a92974c047b987a6b978da7933bf" kindref="member">processRequest</ref>(request,<sp/>response);</highlight></codeline>
<codeline lineno="75"><highlight class="normal"><sp/><sp/><sp/><sp/>}</highlight></codeline>
<codeline lineno="76"><highlight class="normal"></highlight></codeline>
<codeline lineno="82"><highlight class="normal"><sp/><sp/><sp/><sp/>@Override</highlight></codeline>
<codeline lineno="83" refid="class_customer_logout_servelet_1a171129d06a58f02bcc8d473e55abf47c" refkind="member"><highlight class="normal"><sp/><sp/><sp/><sp/></highlight><highlight class="keyword">public</highlight><highlight class="normal"><sp/>String<sp/><ref refid="class_customer_logout_servelet_1a171129d06a58f02bcc8d473e55abf47c" kindref="member">getServletInfo</ref>()<sp/>{</highlight></codeline>
<codeline lineno="84"><highlight class="normal"><sp/><sp/><sp/><sp/><sp/><sp/><sp/><sp/></highlight><highlight class="keywordflow">return</highlight><highlight class="normal"><sp/></highlight><highlight class="stringliteral">&quot;Short<sp/>description&quot;</highlight><highlight class="normal">;</highlight></codeline>
<codeline lineno="85"><highlight class="normal"><sp/><sp/><sp/><sp/>}</highlight><highlight class="comment">//<sp/>&lt;/editor-fold&gt;</highlight><highlight class="normal"></highlight></codeline>
<codeline lineno="86"><highlight class="normal"></highlight></codeline>
<codeline lineno="87"><highlight class="normal">}</highlight></codeline>
    </programlisting>
    <location file="src/java/CustomerLogoutServelet.java"/>
  </compounddef>
</doxygen>
