<?xml version='1.0' encoding='UTF-8' standalone='no'?>
<doxygen xmlns:xsi="http://www.w3.org/2001/XMLSchema-instance" xsi:noNamespaceSchemaLocation="compound.xsd" version="1.8.15">
  <compounddef id="_database_handler_8java" kind="file" language="Java">
    <compoundname>DatabaseHandler.java</compoundname>
    <innerclass refid="class_database_handler" prot="public">DatabaseHandler</innerclass>
    <briefdescription>
    </briefdescription>
    <detaileddescription>
    </detaileddescription>
    <programlisting>
<codeline lineno="1"><highlight class="comment">/*</highlight></codeline>
<codeline lineno="2"><highlight class="comment"><sp/>*<sp/>To<sp/>change<sp/>this<sp/>license<sp/>header,<sp/>choose<sp/>License<sp/>Headers<sp/>in<sp/>Project<sp/>Properties.</highlight></codeline>
<codeline lineno="3"><highlight class="comment"><sp/>*<sp/>To<sp/>change<sp/>this<sp/>template<sp/>file,<sp/>choose<sp/>Tools<sp/>|<sp/>Templates</highlight></codeline>
<codeline lineno="4"><highlight class="comment"><sp/>*<sp/>and<sp/>open<sp/>the<sp/>template<sp/>in<sp/>the<sp/>editor.</highlight></codeline>
<codeline lineno="5"><highlight class="comment"><sp/>*/</highlight><highlight class="normal"></highlight></codeline>
<codeline lineno="6"><highlight class="normal"></highlight></codeline>
<codeline lineno="11"><highlight class="keyword">import</highlight><highlight class="normal"><sp/>java.awt.Component;</highlight></codeline>
<codeline lineno="12"><highlight class="normal"></highlight><highlight class="keyword">import</highlight><highlight class="normal"><sp/>java.sql.Connection;</highlight></codeline>
<codeline lineno="13"><highlight class="normal"></highlight><highlight class="keyword">import</highlight><highlight class="normal"><sp/>java.sql.DatabaseMetaData;</highlight></codeline>
<codeline lineno="14"><highlight class="normal"></highlight><highlight class="keyword">import</highlight><highlight class="normal"><sp/>java.sql.DriverManager;</highlight></codeline>
<codeline lineno="15"><highlight class="normal"></highlight><highlight class="keyword">import</highlight><highlight class="normal"><sp/>java.sql.PreparedStatement;</highlight></codeline>
<codeline lineno="16"><highlight class="normal"></highlight><highlight class="keyword">import</highlight><highlight class="normal"><sp/>java.sql.ResultSet;</highlight></codeline>
<codeline lineno="17"><highlight class="normal"></highlight><highlight class="keyword">import</highlight><highlight class="normal"><sp/>java.sql.SQLException;</highlight></codeline>
<codeline lineno="18"><highlight class="normal"></highlight><highlight class="keyword">import</highlight><highlight class="normal"><sp/>java.sql.Statement;</highlight></codeline>
<codeline lineno="19"><highlight class="normal"></highlight><highlight class="keyword">import</highlight><highlight class="normal"><sp/>java.util.ArrayList;</highlight></codeline>
<codeline lineno="20"><highlight class="normal"></highlight><highlight class="keyword">import</highlight><highlight class="normal"><sp/>java.util.List;</highlight></codeline>
<codeline lineno="21"><highlight class="normal"></highlight><highlight class="keyword">import</highlight><highlight class="normal"><sp/>javax.swing.JOptionPane;</highlight></codeline>
<codeline lineno="22"><highlight class="normal"></highlight></codeline>
<codeline lineno="23" refid="class_database_handler" refkind="compound"><highlight class="normal"></highlight><highlight class="keyword">public</highlight><highlight class="normal"><sp/></highlight><highlight class="keyword">class<sp/></highlight><highlight class="normal"><ref refid="class_database_handler" kindref="compound">DatabaseHandler</ref><sp/>{</highlight></codeline>
<codeline lineno="24"><highlight class="normal"></highlight></codeline>
<codeline lineno="25"><highlight class="normal"><sp/><sp/><sp/><sp/>Connection<sp/>connect<sp/>=<sp/></highlight><highlight class="keyword">null</highlight><highlight class="normal">;</highlight></codeline>
<codeline lineno="26"><highlight class="normal"><sp/><sp/><sp/><sp/>Statement<sp/>statement<sp/>=<sp/></highlight><highlight class="keyword">null</highlight><highlight class="normal">;</highlight></codeline>
<codeline lineno="27"><highlight class="normal"><sp/><sp/><sp/><sp/>PreparedStatement<sp/>pStatement<sp/>=<sp/></highlight><highlight class="keyword">null</highlight><highlight class="normal">;</highlight></codeline>
<codeline lineno="28"><highlight class="normal"><sp/><sp/><sp/><sp/>ResultSet<sp/>result<sp/>=<sp/></highlight><highlight class="keyword">null</highlight><highlight class="normal">;</highlight></codeline>
<codeline lineno="29"><highlight class="normal"></highlight></codeline>
<codeline lineno="30" refid="class_database_handler_1a8e77ef24c744312d8124bde6b7efd29f" refkind="member"><highlight class="normal"><sp/><sp/><sp/><sp/></highlight><highlight class="keyword">public</highlight><highlight class="normal"><sp/></highlight><highlight class="keywordtype">boolean</highlight><highlight class="normal"><sp/><ref refid="class_database_handler_1a8e77ef24c744312d8124bde6b7efd29f" kindref="member">setConnection</ref>(String<sp/>dbN,<sp/>String<sp/>userN,<sp/>String<sp/>pass)<sp/>{</highlight></codeline>
<codeline lineno="31"><highlight class="normal"></highlight></codeline>
<codeline lineno="32"><highlight class="normal"><sp/><sp/><sp/><sp/><sp/><sp/><sp/><sp/></highlight><highlight class="keywordflow">try</highlight><highlight class="normal"><sp/>{</highlight></codeline>
<codeline lineno="33"><highlight class="normal"></highlight></codeline>
<codeline lineno="34"><highlight class="normal"><sp/><sp/><sp/><sp/><sp/><sp/><sp/><sp/><sp/><sp/><sp/><sp/>String<sp/>dbName<sp/>=<sp/>dbN;</highlight></codeline>
<codeline lineno="35"><highlight class="normal"><sp/><sp/><sp/><sp/><sp/><sp/><sp/><sp/><sp/><sp/><sp/><sp/>String<sp/>user<sp/>=<sp/>userN;</highlight></codeline>
<codeline lineno="36"><highlight class="normal"><sp/><sp/><sp/><sp/><sp/><sp/><sp/><sp/><sp/><sp/><sp/><sp/>String<sp/>password<sp/>=<sp/>pass;</highlight></codeline>
<codeline lineno="37"><highlight class="normal"><sp/><sp/><sp/><sp/><sp/><sp/><sp/><sp/><sp/><sp/><sp/><sp/>String<sp/>url<sp/>=<sp/></highlight><highlight class="stringliteral">&quot;jdbc:mysql://localhost/&quot;</highlight><highlight class="normal"><sp/>+<sp/>dbName;</highlight></codeline>
<codeline lineno="38"><highlight class="normal"></highlight></codeline>
<codeline lineno="39"><highlight class="normal"><sp/><sp/><sp/><sp/><sp/><sp/><sp/><sp/><sp/><sp/><sp/><sp/>Class.forName(</highlight><highlight class="stringliteral">&quot;com.mysql.jdbc.Driver&quot;</highlight><highlight class="normal">);</highlight></codeline>
<codeline lineno="40"><highlight class="normal"><sp/><sp/><sp/><sp/><sp/><sp/><sp/><sp/><sp/><sp/><sp/><sp/>connect<sp/>=<sp/>DriverManager.getConnection(url,<sp/>user,<sp/>password);</highlight></codeline>
<codeline lineno="41"><highlight class="normal"></highlight></codeline>
<codeline lineno="42"><highlight class="normal"><sp/><sp/><sp/><sp/><sp/><sp/><sp/><sp/><sp/><sp/><sp/><sp/>System.out.println(</highlight><highlight class="stringliteral">&quot;Successfully<sp/>Connected..&quot;</highlight><highlight class="normal">);</highlight></codeline>
<codeline lineno="43"><highlight class="normal"><sp/><sp/><sp/><sp/><sp/><sp/><sp/><sp/><sp/><sp/><sp/><sp/></highlight><highlight class="keywordflow">return</highlight><highlight class="normal"><sp/></highlight><highlight class="keyword">true</highlight><highlight class="normal">;</highlight></codeline>
<codeline lineno="44"><highlight class="normal"></highlight></codeline>
<codeline lineno="45"><highlight class="normal"><sp/><sp/><sp/><sp/><sp/><sp/><sp/><sp/>}<sp/></highlight><highlight class="keywordflow">catch</highlight><highlight class="normal"><sp/>(Exception<sp/>e)<sp/>{</highlight></codeline>
<codeline lineno="46"><highlight class="normal"><sp/><sp/><sp/><sp/><sp/><sp/><sp/><sp/><sp/><sp/><sp/><sp/></highlight><highlight class="keywordflow">return</highlight><highlight class="normal"><sp/></highlight><highlight class="keyword">false</highlight><highlight class="normal">;</highlight></codeline>
<codeline lineno="47"><highlight class="normal"><sp/><sp/><sp/><sp/><sp/><sp/><sp/><sp/>}</highlight></codeline>
<codeline lineno="48"><highlight class="normal"></highlight></codeline>
<codeline lineno="49"><highlight class="normal"><sp/><sp/><sp/><sp/>}</highlight></codeline>
<codeline lineno="50"><highlight class="normal"></highlight></codeline>
<codeline lineno="51" refid="class_database_handler_1ac6ac13dad637b902451a26d621d22cf2" refkind="member"><highlight class="normal"><sp/><sp/><sp/><sp/></highlight><highlight class="keyword">public</highlight><highlight class="normal"><sp/>List&lt;Customer&gt;<sp/><ref refid="class_database_handler_1ac6ac13dad637b902451a26d621d22cf2" kindref="member">testQuery</ref>(String<sp/>tbName)<sp/>{</highlight></codeline>
<codeline lineno="52"><highlight class="normal"></highlight></codeline>
<codeline lineno="53"><highlight class="normal"><sp/><sp/><sp/><sp/><sp/><sp/><sp/><sp/></highlight><highlight class="keywordflow">try</highlight><highlight class="normal"><sp/>{</highlight></codeline>
<codeline lineno="54"><highlight class="normal"><sp/><sp/><sp/><sp/><sp/><sp/><sp/><sp/><sp/><sp/><sp/><sp/>List&lt;Customer&gt;<sp/>list;</highlight></codeline>
<codeline lineno="55"><highlight class="normal"><sp/><sp/><sp/><sp/><sp/><sp/><sp/><sp/><sp/><sp/><sp/><sp/>String<sp/>query<sp/>=<sp/></highlight><highlight class="stringliteral">&quot;SELECT<sp/>*<sp/>FROM<sp/>&quot;</highlight><highlight class="normal"><sp/>+<sp/>tbName;</highlight></codeline>
<codeline lineno="56"><highlight class="normal"><sp/><sp/><sp/><sp/><sp/><sp/><sp/><sp/><sp/><sp/><sp/><sp/>statement<sp/>=<sp/>connect.createStatement();</highlight></codeline>
<codeline lineno="57"><highlight class="normal"><sp/><sp/><sp/><sp/><sp/><sp/><sp/><sp/><sp/><sp/><sp/><sp/>result<sp/>=<sp/>statement.executeQuery(query);</highlight></codeline>
<codeline lineno="58"><highlight class="normal"><sp/><sp/><sp/><sp/><sp/><sp/><sp/><sp/><sp/><sp/><sp/><sp/>list<sp/>=<sp/><ref refid="class_database_handler_1a8130c818781d7b48cb2d46ae77090792" kindref="member">showResult</ref>(result);</highlight></codeline>
<codeline lineno="59"><highlight class="normal"><sp/><sp/><sp/><sp/><sp/><sp/><sp/><sp/><sp/><sp/><sp/><sp/></highlight><highlight class="comment">//<sp/>System.out.println(&quot;Query<sp/>is<sp/>successful&quot;);</highlight><highlight class="normal"></highlight></codeline>
<codeline lineno="60"><highlight class="normal"><sp/><sp/><sp/><sp/><sp/><sp/><sp/><sp/><sp/><sp/><sp/><sp/></highlight><highlight class="keywordflow">return</highlight><highlight class="normal"><sp/>list;</highlight></codeline>
<codeline lineno="61"><highlight class="normal"></highlight></codeline>
<codeline lineno="62"><highlight class="normal"><sp/><sp/><sp/><sp/><sp/><sp/><sp/><sp/>}<sp/></highlight><highlight class="keywordflow">catch</highlight><highlight class="normal"><sp/>(Exception<sp/>e)<sp/>{</highlight></codeline>
<codeline lineno="63"><highlight class="normal"><sp/><sp/><sp/><sp/><sp/><sp/><sp/><sp/><sp/><sp/><sp/><sp/></highlight><highlight class="comment">//System.out.println(&quot;Query<sp/>is<sp/>problematic..&quot;);</highlight><highlight class="normal"></highlight></codeline>
<codeline lineno="64"><highlight class="normal"><sp/><sp/><sp/><sp/><sp/><sp/><sp/><sp/><sp/><sp/><sp/><sp/></highlight><highlight class="comment">//e.printStackTrace();</highlight><highlight class="normal"></highlight></codeline>
<codeline lineno="65"><highlight class="normal"><sp/><sp/><sp/><sp/><sp/><sp/><sp/><sp/><sp/><sp/><sp/><sp/></highlight><highlight class="keywordflow">return</highlight><highlight class="normal"><sp/></highlight><highlight class="keyword">null</highlight><highlight class="normal">;</highlight></codeline>
<codeline lineno="66"><highlight class="normal"><sp/><sp/><sp/><sp/><sp/><sp/><sp/><sp/>}</highlight></codeline>
<codeline lineno="67"><highlight class="normal"><sp/><sp/><sp/><sp/>}</highlight></codeline>
<codeline lineno="68"><highlight class="normal"></highlight></codeline>
<codeline lineno="69" refid="class_database_handler_1ace2c7efee64daaf77266b6666614e017" refkind="member"><highlight class="normal"><sp/><sp/><sp/><sp/></highlight><highlight class="keyword">public</highlight><highlight class="normal"><sp/>ResultSet<sp/><ref refid="class_database_handler_1ace2c7efee64daaf77266b6666614e017" kindref="member">query1</ref>(String<sp/>year)<sp/>{</highlight></codeline>
<codeline lineno="70"><highlight class="normal"></highlight></codeline>
<codeline lineno="71"><highlight class="normal"><sp/><sp/><sp/><sp/><sp/><sp/><sp/><sp/></highlight><highlight class="keywordflow">try</highlight><highlight class="normal"><sp/>{</highlight></codeline>
<codeline lineno="72"><highlight class="normal"></highlight></codeline>
<codeline lineno="73"><highlight class="normal"><sp/><sp/><sp/><sp/><sp/><sp/><sp/><sp/><sp/><sp/><sp/><sp/>String<sp/>sql<sp/>=<sp/></highlight><highlight class="stringliteral">&quot;SELECT<sp/>month,sum(total)<sp/>as<sp/>Total<sp/>FROM<sp/>payment<sp/>WHERE<sp/>year=&quot;</highlight><highlight class="normal"><sp/>+<sp/>year<sp/>+<sp/></highlight><highlight class="stringliteral">&quot;<sp/>group<sp/>by<sp/>month&quot;</highlight><highlight class="normal">;</highlight></codeline>
<codeline lineno="74"><highlight class="normal"><sp/><sp/><sp/><sp/><sp/><sp/><sp/><sp/><sp/><sp/><sp/><sp/>statement<sp/>=<sp/>connect.createStatement();</highlight></codeline>
<codeline lineno="75"><highlight class="normal"><sp/><sp/><sp/><sp/><sp/><sp/><sp/><sp/><sp/><sp/><sp/><sp/>result<sp/>=<sp/>statement.executeQuery(sql);</highlight></codeline>
<codeline lineno="76"><highlight class="normal"><sp/><sp/><sp/><sp/><sp/><sp/><sp/><sp/><sp/><sp/><sp/><sp/></highlight><highlight class="comment">//<sp/>System.out.println(sql);</highlight><highlight class="normal"></highlight></codeline>
<codeline lineno="77"><highlight class="normal"><sp/><sp/><sp/><sp/><sp/><sp/><sp/><sp/><sp/><sp/><sp/><sp/></highlight><highlight class="comment">//<sp/><sp/>showResult(result);</highlight><highlight class="normal"></highlight></codeline>
<codeline lineno="78"><highlight class="normal"></highlight></codeline>
<codeline lineno="79"><highlight class="normal"><sp/><sp/><sp/><sp/><sp/><sp/><sp/><sp/><sp/><sp/><sp/><sp/></highlight><highlight class="keywordflow">return</highlight><highlight class="normal"><sp/>result;</highlight></codeline>
<codeline lineno="80"><highlight class="normal"></highlight></codeline>
<codeline lineno="81"><highlight class="normal"><sp/><sp/><sp/><sp/><sp/><sp/><sp/><sp/>}<sp/></highlight><highlight class="keywordflow">catch</highlight><highlight class="normal"><sp/>(Exception<sp/>e)<sp/>{</highlight></codeline>
<codeline lineno="82"><highlight class="normal"><sp/><sp/><sp/><sp/><sp/><sp/><sp/><sp/><sp/><sp/><sp/><sp/></highlight><highlight class="comment">//System.out.println(&quot;Query<sp/>is<sp/>problematic..&quot;);</highlight><highlight class="normal"></highlight></codeline>
<codeline lineno="83"><highlight class="normal"><sp/><sp/><sp/><sp/><sp/><sp/><sp/><sp/><sp/><sp/><sp/><sp/></highlight><highlight class="comment">//e.printStackTrace();</highlight><highlight class="normal"></highlight></codeline>
<codeline lineno="84"><highlight class="normal"><sp/><sp/><sp/><sp/><sp/><sp/><sp/><sp/><sp/><sp/><sp/><sp/></highlight><highlight class="keywordflow">return</highlight><highlight class="normal"><sp/></highlight><highlight class="keyword">null</highlight><highlight class="normal">;</highlight></codeline>
<codeline lineno="85"><highlight class="normal"><sp/><sp/><sp/><sp/><sp/><sp/><sp/><sp/>}</highlight></codeline>
<codeline lineno="86"><highlight class="normal"><sp/><sp/><sp/><sp/>}</highlight></codeline>
<codeline lineno="87"><highlight class="normal"></highlight></codeline>
<codeline lineno="88" refid="class_database_handler_1a079a6fbfaebaef4ae960c884bca7ac19" refkind="member"><highlight class="normal"><sp/><sp/><sp/><sp/></highlight><highlight class="keyword">public</highlight><highlight class="normal"><sp/>ResultSet<sp/><ref refid="class_database_handler_1a079a6fbfaebaef4ae960c884bca7ac19" kindref="member">query2</ref>(String<sp/>year,<sp/>String<sp/>month)<sp/>{</highlight></codeline>
<codeline lineno="89"><highlight class="normal"></highlight></codeline>
<codeline lineno="90"><highlight class="normal"><sp/><sp/><sp/><sp/><sp/><sp/><sp/><sp/></highlight><highlight class="keywordflow">try</highlight><highlight class="normal"><sp/>{</highlight></codeline>
<codeline lineno="91"><highlight class="normal"></highlight></codeline>
<codeline lineno="92"><highlight class="normal"><sp/><sp/><sp/><sp/><sp/><sp/><sp/><sp/><sp/><sp/><sp/><sp/>String<sp/>sql<sp/>=<sp/></highlight><highlight class="stringliteral">&quot;SELECT<sp/>name,sum(got.num)<sp/>as<sp/>Total_SALE,payment.month<sp/>FROM<sp/>product<sp/>INNER<sp/>JOIN<sp/>got<sp/>ON<sp/>product.p_id=got.p_id<sp/>INNER<sp/>JOIN<sp/>payment<sp/>on<sp/>got.pay_no=payment.pay_no<sp/>WHERE<sp/>payment.month=&apos;&quot;</highlight><highlight class="normal"><sp/>+<sp/>month<sp/>+<sp/></highlight><highlight class="stringliteral">&quot;&apos;<sp/>AND<sp/>year=&quot;</highlight><highlight class="normal"><sp/>+<sp/>year<sp/>+<sp/></highlight><highlight class="stringliteral">&quot;<sp/>GROUP<sp/>BY<sp/>got.p_id<sp/>order<sp/>by<sp/>Total_SALE<sp/>ASC&quot;</highlight><highlight class="normal">;</highlight></codeline>
<codeline lineno="93"><highlight class="normal"><sp/><sp/><sp/><sp/><sp/><sp/><sp/><sp/><sp/><sp/><sp/><sp/>statement<sp/>=<sp/>connect.createStatement();</highlight></codeline>
<codeline lineno="94"><highlight class="normal"><sp/><sp/><sp/><sp/><sp/><sp/><sp/><sp/><sp/><sp/><sp/><sp/>result<sp/>=<sp/>statement.executeQuery(sql);</highlight></codeline>
<codeline lineno="95"><highlight class="normal"><sp/><sp/><sp/><sp/><sp/><sp/><sp/><sp/><sp/><sp/><sp/><sp/>System.out.println(sql);</highlight></codeline>
<codeline lineno="96"><highlight class="normal"><sp/><sp/><sp/><sp/><sp/><sp/><sp/><sp/><sp/><sp/><sp/><sp/></highlight><highlight class="comment">//<sp/><sp/>showResult(result);</highlight><highlight class="normal"></highlight></codeline>
<codeline lineno="97"><highlight class="normal"></highlight></codeline>
<codeline lineno="98"><highlight class="normal"><sp/><sp/><sp/><sp/><sp/><sp/><sp/><sp/><sp/><sp/><sp/><sp/></highlight><highlight class="keywordflow">return</highlight><highlight class="normal"><sp/>result;</highlight></codeline>
<codeline lineno="99"><highlight class="normal"></highlight></codeline>
<codeline lineno="100"><highlight class="normal"><sp/><sp/><sp/><sp/><sp/><sp/><sp/><sp/>}<sp/></highlight><highlight class="keywordflow">catch</highlight><highlight class="normal"><sp/>(Exception<sp/>e)<sp/>{</highlight></codeline>
<codeline lineno="101"><highlight class="normal"><sp/><sp/><sp/><sp/><sp/><sp/><sp/><sp/><sp/><sp/><sp/><sp/></highlight><highlight class="comment">//System.out.println(&quot;Query<sp/>is<sp/>problematic..&quot;);</highlight><highlight class="normal"></highlight></codeline>
<codeline lineno="102"><highlight class="normal"><sp/><sp/><sp/><sp/><sp/><sp/><sp/><sp/><sp/><sp/><sp/><sp/></highlight><highlight class="comment">//e.printStackTrace();</highlight><highlight class="normal"></highlight></codeline>
<codeline lineno="103"><highlight class="normal"><sp/><sp/><sp/><sp/><sp/><sp/><sp/><sp/><sp/><sp/><sp/><sp/></highlight><highlight class="keywordflow">return</highlight><highlight class="normal"><sp/></highlight><highlight class="keyword">null</highlight><highlight class="normal">;</highlight></codeline>
<codeline lineno="104"><highlight class="normal"><sp/><sp/><sp/><sp/><sp/><sp/><sp/><sp/>}</highlight></codeline>
<codeline lineno="105"><highlight class="normal"><sp/><sp/><sp/><sp/>}</highlight></codeline>
<codeline lineno="106"><highlight class="normal"></highlight></codeline>
<codeline lineno="107" refid="class_database_handler_1ab41175ec78b0fbe34153dae92b05ff3c" refkind="member"><highlight class="normal"><sp/><sp/><sp/><sp/></highlight><highlight class="keyword">public</highlight><highlight class="normal"><sp/>ResultSet<sp/><ref refid="class_database_handler_1ab41175ec78b0fbe34153dae92b05ff3c" kindref="member">query3</ref>(String<sp/>dis,<sp/>String<sp/>ar)<sp/>{</highlight></codeline>
<codeline lineno="108"><highlight class="normal"></highlight></codeline>
<codeline lineno="109"><highlight class="normal"><sp/><sp/><sp/><sp/><sp/><sp/><sp/><sp/></highlight><highlight class="keywordflow">try</highlight><highlight class="normal"><sp/>{</highlight></codeline>
<codeline lineno="110"><highlight class="normal"></highlight></codeline>
<codeline lineno="111"><highlight class="normal"><sp/><sp/><sp/><sp/><sp/><sp/><sp/><sp/><sp/><sp/><sp/><sp/>String<sp/>sql<sp/>=<sp/></highlight><highlight class="stringliteral">&quot;SELECT<sp/>product.name,sales.num<sp/>FROM<sp/>product<sp/>INNER<sp/>JOIN<sp/>sales<sp/>ON<sp/>product.p_id=sales.p_id<sp/>INNER<sp/>JOIN<sp/>branch<sp/>ON<sp/>sales.branch_id=branch.branch_id<sp/>WHERE<sp/>branch.district=&apos;&quot;</highlight><highlight class="normal"><sp/>+<sp/>dis<sp/>+<sp/></highlight><highlight class="stringliteral">&quot;&apos;<sp/>AND<sp/>branch.address=&apos;&quot;</highlight><highlight class="normal"><sp/>+<sp/>ar<sp/>+<sp/></highlight><highlight class="stringliteral">&quot;&apos;&quot;</highlight><highlight class="normal">;</highlight></codeline>
<codeline lineno="112"><highlight class="normal"><sp/><sp/><sp/><sp/><sp/><sp/><sp/><sp/><sp/><sp/><sp/><sp/>statement<sp/>=<sp/>connect.createStatement();</highlight></codeline>
<codeline lineno="113"><highlight class="normal"><sp/><sp/><sp/><sp/><sp/><sp/><sp/><sp/><sp/><sp/><sp/><sp/>result<sp/>=<sp/>statement.executeQuery(sql);</highlight></codeline>
<codeline lineno="114"><highlight class="normal"><sp/><sp/><sp/><sp/><sp/><sp/><sp/><sp/><sp/><sp/><sp/><sp/>System.out.println(sql);</highlight></codeline>
<codeline lineno="115"><highlight class="normal"><sp/><sp/><sp/><sp/><sp/><sp/><sp/><sp/><sp/><sp/><sp/><sp/></highlight><highlight class="comment">//<sp/><sp/>showResult(result);</highlight><highlight class="normal"></highlight></codeline>
<codeline lineno="116"><highlight class="normal"></highlight></codeline>
<codeline lineno="117"><highlight class="normal"><sp/><sp/><sp/><sp/><sp/><sp/><sp/><sp/><sp/><sp/><sp/><sp/></highlight><highlight class="keywordflow">return</highlight><highlight class="normal"><sp/>result;</highlight></codeline>
<codeline lineno="118"><highlight class="normal"></highlight></codeline>
<codeline lineno="119"><highlight class="normal"><sp/><sp/><sp/><sp/><sp/><sp/><sp/><sp/>}<sp/></highlight><highlight class="keywordflow">catch</highlight><highlight class="normal"><sp/>(Exception<sp/>e)<sp/>{</highlight></codeline>
<codeline lineno="120"><highlight class="normal"><sp/><sp/><sp/><sp/><sp/><sp/><sp/><sp/><sp/><sp/><sp/><sp/></highlight><highlight class="comment">//System.out.println(&quot;Query<sp/>is<sp/>problematic..&quot;);</highlight><highlight class="normal"></highlight></codeline>
<codeline lineno="121"><highlight class="normal"><sp/><sp/><sp/><sp/><sp/><sp/><sp/><sp/><sp/><sp/><sp/><sp/></highlight><highlight class="comment">//e.printStackTrace();</highlight><highlight class="normal"></highlight></codeline>
<codeline lineno="122"><highlight class="normal"><sp/><sp/><sp/><sp/><sp/><sp/><sp/><sp/><sp/><sp/><sp/><sp/></highlight><highlight class="keywordflow">return</highlight><highlight class="normal"><sp/></highlight><highlight class="keyword">null</highlight><highlight class="normal">;</highlight></codeline>
<codeline lineno="123"><highlight class="normal"><sp/><sp/><sp/><sp/><sp/><sp/><sp/><sp/>}</highlight></codeline>
<codeline lineno="124"><highlight class="normal"><sp/><sp/><sp/><sp/>}</highlight></codeline>
<codeline lineno="125"><highlight class="normal"></highlight></codeline>
<codeline lineno="126" refid="class_database_handler_1a6dd432cfb64e9579b93da8ca1b1ccff8" refkind="member"><highlight class="normal"><sp/><sp/><sp/><sp/></highlight><highlight class="keyword">public</highlight><highlight class="normal"><sp/>ResultSet<sp/><ref refid="class_database_handler_1a6dd432cfb64e9579b93da8ca1b1ccff8" kindref="member">query4</ref>(String<sp/>dis,<sp/>String<sp/>ar)<sp/>{</highlight></codeline>
<codeline lineno="127"><highlight class="normal"></highlight></codeline>
<codeline lineno="128"><highlight class="normal"><sp/><sp/><sp/><sp/><sp/><sp/><sp/><sp/></highlight><highlight class="keywordflow">try</highlight><highlight class="normal"><sp/>{</highlight></codeline>
<codeline lineno="129"><highlight class="normal"></highlight></codeline>
<codeline lineno="130"><highlight class="normal"><sp/><sp/><sp/><sp/><sp/><sp/><sp/><sp/><sp/><sp/><sp/><sp/>String<sp/>sql<sp/>=<sp/></highlight><highlight class="stringliteral">&quot;SELECT<sp/>Employee_name,Age,Phone_no,Catagory,Gender,Salary<sp/>FROM<sp/>employee<sp/>INNER<sp/>JOIN<sp/>branch<sp/>ON<sp/>employee.branch_id=branch.branch_id<sp/>WHERE<sp/>branch.district=&apos;&quot;</highlight><highlight class="normal"><sp/>+<sp/>dis<sp/>+<sp/></highlight><highlight class="stringliteral">&quot;&apos;<sp/>AND<sp/>branch.address=&apos;&quot;</highlight><highlight class="normal"><sp/>+<sp/>ar<sp/>+<sp/></highlight><highlight class="stringliteral">&quot;&apos;&quot;</highlight><highlight class="normal">;</highlight></codeline>
<codeline lineno="131"><highlight class="normal"><sp/><sp/><sp/><sp/><sp/><sp/><sp/><sp/><sp/><sp/><sp/><sp/>statement<sp/>=<sp/>connect.createStatement();</highlight></codeline>
<codeline lineno="132"><highlight class="normal"><sp/><sp/><sp/><sp/><sp/><sp/><sp/><sp/><sp/><sp/><sp/><sp/>result<sp/>=<sp/>statement.executeQuery(sql);</highlight></codeline>
<codeline lineno="133"><highlight class="normal"><sp/><sp/><sp/><sp/><sp/><sp/><sp/><sp/><sp/><sp/><sp/><sp/>System.out.println(sql);</highlight></codeline>
<codeline lineno="134"><highlight class="normal"><sp/><sp/><sp/><sp/><sp/><sp/><sp/><sp/><sp/><sp/><sp/><sp/></highlight><highlight class="comment">//<sp/><sp/>showResult(result);</highlight><highlight class="normal"></highlight></codeline>
<codeline lineno="135"><highlight class="normal"></highlight></codeline>
<codeline lineno="136"><highlight class="normal"><sp/><sp/><sp/><sp/><sp/><sp/><sp/><sp/><sp/><sp/><sp/><sp/></highlight><highlight class="keywordflow">return</highlight><highlight class="normal"><sp/>result;</highlight></codeline>
<codeline lineno="137"><highlight class="normal"></highlight></codeline>
<codeline lineno="138"><highlight class="normal"><sp/><sp/><sp/><sp/><sp/><sp/><sp/><sp/>}<sp/></highlight><highlight class="keywordflow">catch</highlight><highlight class="normal"><sp/>(Exception<sp/>e)<sp/>{</highlight></codeline>
<codeline lineno="139"><highlight class="normal"><sp/><sp/><sp/><sp/><sp/><sp/><sp/><sp/><sp/><sp/><sp/><sp/></highlight><highlight class="comment">//System.out.println(&quot;Query<sp/>is<sp/>problematic..&quot;);</highlight><highlight class="normal"></highlight></codeline>
<codeline lineno="140"><highlight class="normal"><sp/><sp/><sp/><sp/><sp/><sp/><sp/><sp/><sp/><sp/><sp/><sp/></highlight><highlight class="comment">//e.printStackTrace();</highlight><highlight class="normal"></highlight></codeline>
<codeline lineno="141"><highlight class="normal"><sp/><sp/><sp/><sp/><sp/><sp/><sp/><sp/><sp/><sp/><sp/><sp/></highlight><highlight class="keywordflow">return</highlight><highlight class="normal"><sp/></highlight><highlight class="keyword">null</highlight><highlight class="normal">;</highlight></codeline>
<codeline lineno="142"><highlight class="normal"><sp/><sp/><sp/><sp/><sp/><sp/><sp/><sp/>}</highlight></codeline>
<codeline lineno="143"><highlight class="normal"><sp/><sp/><sp/><sp/>}</highlight></codeline>
<codeline lineno="144"><highlight class="normal"></highlight></codeline>
<codeline lineno="145" refid="class_database_handler_1a63a618d22c1241c0d6b7165c1f1a5967" refkind="member"><highlight class="normal"><sp/><sp/><sp/><sp/></highlight><highlight class="keyword">public</highlight><highlight class="normal"><sp/>ResultSet<sp/><ref refid="class_database_handler_1a63a618d22c1241c0d6b7165c1f1a5967" kindref="member">query5</ref>(String<sp/>year)<sp/>{</highlight></codeline>
<codeline lineno="146"><highlight class="normal"></highlight></codeline>
<codeline lineno="147"><highlight class="normal"><sp/><sp/><sp/><sp/><sp/><sp/><sp/><sp/></highlight><highlight class="keywordflow">try</highlight><highlight class="normal"><sp/>{</highlight></codeline>
<codeline lineno="148"><highlight class="normal"></highlight></codeline>
<codeline lineno="149"><highlight class="normal"><sp/><sp/><sp/><sp/><sp/><sp/><sp/><sp/><sp/><sp/><sp/><sp/>String<sp/>sql<sp/>=<sp/></highlight><highlight class="stringliteral">&quot;SELECT<sp/>branch.district,branch.address,sum(total)<sp/>as<sp/>Total,payment.year<sp/>FROM<sp/>branch<sp/>INNER<sp/>JOIN<sp/>payment<sp/>on<sp/>branch.branch_id=payment.branch_id<sp/>WHERE<sp/>payment.year=&quot;</highlight><highlight class="normal"><sp/>+<sp/>year<sp/>+<sp/></highlight><highlight class="stringliteral">&quot;<sp/>Group<sp/>BY<sp/>payment.branch_id<sp/>Order<sp/>BY<sp/>Total<sp/>DESC&quot;</highlight><highlight class="normal">;</highlight></codeline>
<codeline lineno="150"><highlight class="normal"><sp/><sp/><sp/><sp/><sp/><sp/><sp/><sp/><sp/><sp/><sp/><sp/>statement<sp/>=<sp/>connect.createStatement();</highlight></codeline>
<codeline lineno="151"><highlight class="normal"><sp/><sp/><sp/><sp/><sp/><sp/><sp/><sp/><sp/><sp/><sp/><sp/>result<sp/>=<sp/>statement.executeQuery(sql);</highlight></codeline>
<codeline lineno="152"><highlight class="normal"><sp/><sp/><sp/><sp/><sp/><sp/><sp/><sp/><sp/><sp/><sp/><sp/></highlight><highlight class="comment">//<sp/>System.out.println(sql);</highlight><highlight class="normal"></highlight></codeline>
<codeline lineno="153"><highlight class="normal"><sp/><sp/><sp/><sp/><sp/><sp/><sp/><sp/><sp/><sp/><sp/><sp/></highlight><highlight class="comment">//<sp/><sp/>showResult(result);</highlight><highlight class="normal"></highlight></codeline>
<codeline lineno="154"><highlight class="normal"></highlight></codeline>
<codeline lineno="155"><highlight class="normal"><sp/><sp/><sp/><sp/><sp/><sp/><sp/><sp/><sp/><sp/><sp/><sp/></highlight><highlight class="keywordflow">return</highlight><highlight class="normal"><sp/>result;</highlight></codeline>
<codeline lineno="156"><highlight class="normal"></highlight></codeline>
<codeline lineno="157"><highlight class="normal"><sp/><sp/><sp/><sp/><sp/><sp/><sp/><sp/>}<sp/></highlight><highlight class="keywordflow">catch</highlight><highlight class="normal"><sp/>(Exception<sp/>e)<sp/>{</highlight></codeline>
<codeline lineno="158"><highlight class="normal"><sp/><sp/><sp/><sp/><sp/><sp/><sp/><sp/><sp/><sp/><sp/><sp/></highlight><highlight class="comment">//System.out.println(&quot;Query<sp/>is<sp/>problematic..&quot;);</highlight><highlight class="normal"></highlight></codeline>
<codeline lineno="159"><highlight class="normal"><sp/><sp/><sp/><sp/><sp/><sp/><sp/><sp/><sp/><sp/><sp/><sp/></highlight><highlight class="comment">//e.printStackTrace();</highlight><highlight class="normal"></highlight></codeline>
<codeline lineno="160"><highlight class="normal"><sp/><sp/><sp/><sp/><sp/><sp/><sp/><sp/><sp/><sp/><sp/><sp/></highlight><highlight class="keywordflow">return</highlight><highlight class="normal"><sp/></highlight><highlight class="keyword">null</highlight><highlight class="normal">;</highlight></codeline>
<codeline lineno="161"><highlight class="normal"><sp/><sp/><sp/><sp/><sp/><sp/><sp/><sp/>}</highlight></codeline>
<codeline lineno="162"><highlight class="normal"><sp/><sp/><sp/><sp/>}</highlight></codeline>
<codeline lineno="163"><highlight class="normal"></highlight></codeline>
<codeline lineno="164" refid="class_database_handler_1a4ae94f3d0326a638af3ff4fb4a90e976" refkind="member"><highlight class="normal"><sp/><sp/><sp/><sp/></highlight><highlight class="keyword">public</highlight><highlight class="normal"><sp/></highlight><highlight class="keywordtype">boolean</highlight><highlight class="normal"><sp/><ref refid="class_database_handler_1a4ae94f3d0326a638af3ff4fb4a90e976" kindref="member">closeDatabase</ref>()<sp/>{</highlight></codeline>
<codeline lineno="165"><highlight class="normal"><sp/><sp/><sp/><sp/><sp/><sp/><sp/><sp/></highlight><highlight class="keywordflow">try</highlight><highlight class="normal"><sp/>{</highlight></codeline>
<codeline lineno="166"><highlight class="normal"><sp/><sp/><sp/><sp/><sp/><sp/><sp/><sp/><sp/><sp/><sp/><sp/>connect.close();</highlight></codeline>
<codeline lineno="167"><highlight class="normal"><sp/><sp/><sp/><sp/><sp/><sp/><sp/><sp/><sp/><sp/><sp/><sp/></highlight><highlight class="keywordflow">return</highlight><highlight class="normal"><sp/></highlight><highlight class="keyword">true</highlight><highlight class="normal">;</highlight></codeline>
<codeline lineno="168"><highlight class="normal"><sp/><sp/><sp/><sp/><sp/><sp/><sp/><sp/>}<sp/></highlight><highlight class="keywordflow">catch</highlight><highlight class="normal"><sp/>(Exception<sp/>e)<sp/>{</highlight></codeline>
<codeline lineno="169"><highlight class="normal"><sp/><sp/><sp/><sp/><sp/><sp/><sp/><sp/><sp/><sp/><sp/><sp/></highlight><highlight class="keywordflow">return</highlight><highlight class="normal"><sp/></highlight><highlight class="keyword">false</highlight><highlight class="normal">;</highlight></codeline>
<codeline lineno="170"><highlight class="normal"><sp/><sp/><sp/><sp/><sp/><sp/><sp/><sp/>}</highlight></codeline>
<codeline lineno="171"><highlight class="normal"><sp/><sp/><sp/><sp/>}</highlight></codeline>
<codeline lineno="172"><highlight class="normal"></highlight></codeline>
<codeline lineno="173" refid="class_database_handler_1a8130c818781d7b48cb2d46ae77090792" refkind="member"><highlight class="normal"><sp/><sp/><sp/><sp/></highlight><highlight class="keyword">public</highlight><highlight class="normal"><sp/>List&lt;Customer&gt;<sp/><ref refid="class_database_handler_1a8130c818781d7b48cb2d46ae77090792" kindref="member">showResult</ref>(ResultSet<sp/>result)<sp/>{</highlight></codeline>
<codeline lineno="174"><highlight class="normal"><sp/><sp/><sp/><sp/><sp/><sp/><sp/><sp/>List&lt;Customer&gt;<sp/>list<sp/>=<sp/></highlight><highlight class="keyword">new</highlight><highlight class="normal"><sp/>ArrayList&lt;&gt;();</highlight></codeline>
<codeline lineno="175"><highlight class="normal"><sp/><sp/><sp/><sp/><sp/><sp/><sp/><sp/></highlight><highlight class="keywordflow">try</highlight><highlight class="normal"><sp/>{</highlight></codeline>
<codeline lineno="176"><highlight class="normal"></highlight></codeline>
<codeline lineno="177"><highlight class="normal"><sp/><sp/><sp/><sp/><sp/><sp/><sp/><sp/><sp/><sp/><sp/><sp/>ArrayList&lt;String&gt;<sp/>colName<sp/>=<sp/></highlight><highlight class="keyword">new</highlight><highlight class="normal"><sp/>ArrayList&lt;&gt;();</highlight></codeline>
<codeline lineno="178"><highlight class="normal"></highlight></codeline>
<codeline lineno="179"><highlight class="normal"><sp/><sp/><sp/><sp/><sp/><sp/><sp/><sp/><sp/><sp/><sp/><sp/><ref refid="class_customer" kindref="compound">Customer</ref><sp/>customer<sp/>=<sp/></highlight><highlight class="keyword">new</highlight><highlight class="normal"><sp/><ref refid="class_customer" kindref="compound">Customer</ref>();</highlight></codeline>
<codeline lineno="180"><highlight class="normal"><sp/><sp/><sp/><sp/><sp/><sp/><sp/><sp/><sp/><sp/><sp/><sp/></highlight><highlight class="keywordflow">for</highlight><highlight class="normal"><sp/>(</highlight><highlight class="keywordtype">int</highlight><highlight class="normal"><sp/>i<sp/>=<sp/>1;<sp/>i<sp/>&lt;=<sp/>result.getMetaData().getColumnCount();<sp/>i++)<sp/>{</highlight></codeline>
<codeline lineno="181"><highlight class="normal"><sp/><sp/><sp/><sp/><sp/><sp/><sp/><sp/><sp/><sp/><sp/><sp/><sp/><sp/><sp/><sp/>colName.add(result.getMetaData().getColumnName(i));</highlight></codeline>
<codeline lineno="182"><highlight class="normal"><sp/><sp/><sp/><sp/><sp/><sp/><sp/><sp/><sp/><sp/><sp/><sp/>}</highlight></codeline>
<codeline lineno="183"><highlight class="normal"><sp/><sp/><sp/><sp/><sp/><sp/><sp/><sp/><sp/><sp/><sp/><sp/></highlight><highlight class="keywordtype">int</highlight><highlight class="normal"><sp/>cnt<sp/>=<sp/>0;</highlight></codeline>
<codeline lineno="184"><highlight class="normal"><sp/><sp/><sp/><sp/><sp/><sp/><sp/><sp/><sp/><sp/><sp/><sp/></highlight><highlight class="keywordflow">while</highlight><highlight class="normal"><sp/>(result.next())<sp/>{</highlight></codeline>
<codeline lineno="185"><highlight class="normal"><sp/><sp/><sp/><sp/><sp/><sp/><sp/><sp/><sp/><sp/><sp/><sp/><sp/><sp/><sp/><sp/>String<sp/>ss<sp/>=<sp/></highlight><highlight class="stringliteral">&quot;&quot;</highlight><highlight class="normal">,<sp/>res;</highlight></codeline>
<codeline lineno="186"><highlight class="normal"></highlight></codeline>
<codeline lineno="187"><highlight class="normal"><sp/><sp/><sp/><sp/><sp/><sp/><sp/><sp/><sp/><sp/><sp/><sp/><sp/><sp/><sp/><sp/></highlight><highlight class="keywordflow">for</highlight><highlight class="normal"><sp/>(String<sp/>col<sp/>:<sp/>colName)<sp/>{</highlight></codeline>
<codeline lineno="188"><highlight class="normal"><sp/><sp/><sp/><sp/><sp/><sp/><sp/><sp/><sp/><sp/><sp/><sp/><sp/><sp/><sp/><sp/><sp/><sp/><sp/><sp/>res<sp/>=<sp/>result.getString(col);</highlight></codeline>
<codeline lineno="189"><highlight class="normal"><sp/><sp/><sp/><sp/><sp/><sp/><sp/><sp/><sp/><sp/><sp/><sp/><sp/><sp/><sp/><sp/><sp/><sp/><sp/><sp/>ss<sp/>+=<sp/></highlight><highlight class="stringliteral">&quot;<sp/>&quot;</highlight><highlight class="normal"><sp/>+<sp/>res;</highlight></codeline>
<codeline lineno="190"><highlight class="normal"><sp/><sp/><sp/><sp/><sp/><sp/><sp/><sp/><sp/><sp/><sp/><sp/><sp/><sp/><sp/><sp/><sp/><sp/><sp/><sp/></highlight><highlight class="keywordflow">switch</highlight><highlight class="normal"><sp/>(cnt)<sp/>{</highlight></codeline>
<codeline lineno="191"><highlight class="normal"><sp/><sp/><sp/><sp/><sp/><sp/><sp/><sp/><sp/><sp/><sp/><sp/><sp/><sp/><sp/><sp/><sp/><sp/><sp/><sp/><sp/><sp/><sp/><sp/></highlight><highlight class="keywordflow">case</highlight><highlight class="normal"><sp/>0:</highlight></codeline>
<codeline lineno="192"><highlight class="normal"><sp/><sp/><sp/><sp/><sp/><sp/><sp/><sp/><sp/><sp/><sp/><sp/><sp/><sp/><sp/><sp/><sp/><sp/><sp/><sp/><sp/><sp/><sp/><sp/><sp/><sp/><sp/><sp/>customer.<ref refid="class_customer_1a75927aaa172bff6dfd66b536486456e0" kindref="member">setName</ref>(res);</highlight></codeline>
<codeline lineno="193"><highlight class="normal"><sp/><sp/><sp/><sp/><sp/><sp/><sp/><sp/><sp/><sp/><sp/><sp/><sp/><sp/><sp/><sp/><sp/><sp/><sp/><sp/><sp/><sp/><sp/><sp/><sp/><sp/><sp/><sp/>System.out.println(</highlight><highlight class="stringliteral">&quot;Hello<sp/>:<sp/>&quot;</highlight><highlight class="normal">);</highlight></codeline>
<codeline lineno="194"><highlight class="normal"><sp/><sp/><sp/><sp/><sp/><sp/><sp/><sp/><sp/><sp/><sp/><sp/><sp/><sp/><sp/><sp/><sp/><sp/><sp/><sp/><sp/><sp/><sp/><sp/><sp/><sp/><sp/><sp/></highlight><highlight class="keywordflow">break</highlight><highlight class="normal">;</highlight></codeline>
<codeline lineno="195"><highlight class="normal"><sp/><sp/><sp/><sp/><sp/><sp/><sp/><sp/><sp/><sp/><sp/><sp/><sp/><sp/><sp/><sp/><sp/><sp/><sp/><sp/><sp/><sp/><sp/><sp/></highlight><highlight class="keywordflow">case</highlight><highlight class="normal"><sp/>1:</highlight></codeline>
<codeline lineno="196"><highlight class="normal"><sp/><sp/><sp/><sp/><sp/><sp/><sp/><sp/><sp/><sp/><sp/><sp/><sp/><sp/><sp/><sp/><sp/><sp/><sp/><sp/><sp/><sp/><sp/><sp/><sp/><sp/><sp/><sp/>customer.<ref refid="class_customer_1afc0161323985dd102afa764d2a030e3c" kindref="member">setEmail</ref>(res);</highlight></codeline>
<codeline lineno="197"><highlight class="normal"><sp/><sp/><sp/><sp/><sp/><sp/><sp/><sp/><sp/><sp/><sp/><sp/><sp/><sp/><sp/><sp/><sp/><sp/><sp/><sp/><sp/><sp/><sp/><sp/><sp/><sp/><sp/><sp/></highlight><highlight class="keywordflow">break</highlight><highlight class="normal">;</highlight></codeline>
<codeline lineno="198"><highlight class="normal"><sp/><sp/><sp/><sp/><sp/><sp/><sp/><sp/><sp/><sp/><sp/><sp/><sp/><sp/><sp/><sp/><sp/><sp/><sp/><sp/><sp/><sp/><sp/><sp/></highlight><highlight class="keywordflow">default</highlight><highlight class="normal">:</highlight></codeline>
<codeline lineno="199"><highlight class="normal"><sp/><sp/><sp/><sp/><sp/><sp/><sp/><sp/><sp/><sp/><sp/><sp/><sp/><sp/><sp/><sp/><sp/><sp/><sp/><sp/><sp/><sp/><sp/><sp/><sp/><sp/><sp/><sp/>customer.<ref refid="class_customer_1a5b6fe587094c77007702ccf9840b54c0" kindref="member">setPassword</ref>(res);</highlight></codeline>
<codeline lineno="200"><highlight class="normal"></highlight></codeline>
<codeline lineno="201"><highlight class="normal"><sp/><sp/><sp/><sp/><sp/><sp/><sp/><sp/><sp/><sp/><sp/><sp/><sp/><sp/><sp/><sp/><sp/><sp/><sp/><sp/><sp/><sp/><sp/><sp/><sp/><sp/><sp/><sp/></highlight><highlight class="keywordflow">break</highlight><highlight class="normal">;</highlight></codeline>
<codeline lineno="202"><highlight class="normal"><sp/><sp/><sp/><sp/><sp/><sp/><sp/><sp/><sp/><sp/><sp/><sp/><sp/><sp/><sp/><sp/><sp/><sp/><sp/><sp/>}</highlight></codeline>
<codeline lineno="203"><highlight class="normal"><sp/><sp/><sp/><sp/><sp/><sp/><sp/><sp/><sp/><sp/><sp/><sp/><sp/><sp/><sp/><sp/><sp/><sp/><sp/><sp/>cnt++;</highlight></codeline>
<codeline lineno="204"><highlight class="normal"><sp/><sp/><sp/><sp/><sp/><sp/><sp/><sp/><sp/><sp/><sp/><sp/><sp/><sp/><sp/><sp/>}</highlight></codeline>
<codeline lineno="205"><highlight class="normal"><sp/><sp/><sp/><sp/><sp/><sp/><sp/><sp/><sp/><sp/><sp/><sp/><sp/><sp/><sp/><sp/>System.out.println(</highlight><highlight class="stringliteral">&quot;Helo<sp/>&quot;</highlight><highlight class="normal"><sp/>+<sp/>ss);</highlight></codeline>
<codeline lineno="206"><highlight class="normal"></highlight></codeline>
<codeline lineno="207"><highlight class="normal"><sp/><sp/><sp/><sp/><sp/><sp/><sp/><sp/><sp/><sp/><sp/><sp/>}</highlight></codeline>
<codeline lineno="208"><highlight class="normal"><sp/><sp/><sp/><sp/><sp/><sp/><sp/><sp/><sp/><sp/><sp/><sp/>list.add(customer);</highlight></codeline>
<codeline lineno="209"><highlight class="normal"></highlight></codeline>
<codeline lineno="210"><highlight class="normal"><sp/><sp/><sp/><sp/><sp/><sp/><sp/><sp/>}<sp/></highlight><highlight class="keywordflow">catch</highlight><highlight class="normal"><sp/>(Exception<sp/>e)<sp/>{</highlight></codeline>
<codeline lineno="211"><highlight class="normal"><sp/><sp/><sp/><sp/><sp/><sp/><sp/><sp/><sp/><sp/><sp/><sp/>e.printStackTrace();</highlight></codeline>
<codeline lineno="212"><highlight class="normal"><sp/><sp/><sp/><sp/><sp/><sp/><sp/><sp/>}</highlight></codeline>
<codeline lineno="213"><highlight class="normal"><sp/><sp/><sp/><sp/><sp/><sp/><sp/><sp/></highlight><highlight class="keywordflow">return</highlight><highlight class="normal"><sp/>list;</highlight></codeline>
<codeline lineno="214"><highlight class="normal"><sp/><sp/><sp/><sp/>}</highlight></codeline>
<codeline lineno="215"><highlight class="normal"></highlight></codeline>
<codeline lineno="216" refid="class_database_handler_1a45a6be08d6806eaf3b2730ce40c353e8" refkind="member"><highlight class="normal"><sp/><sp/><sp/><sp/></highlight><highlight class="keyword">public</highlight><highlight class="normal"><sp/></highlight><highlight class="keywordtype">boolean</highlight><highlight class="normal"><sp/><ref refid="class_database_handler_1a45a6be08d6806eaf3b2730ce40c353e8" kindref="member">updateData</ref>(String<sp/>query)<sp/>{</highlight></codeline>
<codeline lineno="217"><highlight class="normal"></highlight></codeline>
<codeline lineno="218"><highlight class="normal"><sp/><sp/><sp/><sp/><sp/><sp/><sp/><sp/>System.out.println(query);</highlight></codeline>
<codeline lineno="219"><highlight class="normal"><sp/><sp/><sp/><sp/><sp/><sp/><sp/><sp/></highlight><highlight class="keywordflow">try</highlight><highlight class="normal"><sp/>{</highlight></codeline>
<codeline lineno="220"><highlight class="normal"><sp/><sp/><sp/><sp/><sp/><sp/><sp/><sp/><sp/><sp/><sp/><sp/></highlight><highlight class="comment">//<sp/><sp/>String<sp/>query<sp/>=<sp/>&quot;INSERT<sp/>INTO<sp/>student<sp/>VALUES(?,?,?,?)&quot;;</highlight><highlight class="normal"></highlight></codeline>
<codeline lineno="221"><highlight class="normal"><sp/><sp/><sp/><sp/><sp/><sp/><sp/><sp/><sp/><sp/><sp/><sp/></highlight><highlight class="comment">/*\pStatement<sp/>=<sp/>connect.prepareStatement(query);</highlight></codeline>
<codeline lineno="222"><highlight class="comment"><sp/><sp/><sp/><sp/><sp/><sp/><sp/><sp/><sp/><sp/><sp/><sp/>pStatement.setString(1,<sp/>id);</highlight></codeline>
<codeline lineno="223"><highlight class="comment"><sp/><sp/><sp/><sp/><sp/><sp/><sp/><sp/><sp/><sp/><sp/><sp/>pStatement.setString(2,<sp/>name);</highlight></codeline>
<codeline lineno="224"><highlight class="comment"><sp/><sp/><sp/><sp/><sp/><sp/><sp/><sp/><sp/><sp/><sp/><sp/>pStatement.setString(3,<sp/>dept);</highlight></codeline>
<codeline lineno="225"><highlight class="comment"><sp/><sp/><sp/><sp/><sp/><sp/><sp/><sp/><sp/><sp/><sp/><sp/>pStatement.setString(4,<sp/>totCred);*/</highlight><highlight class="normal"></highlight></codeline>
<codeline lineno="226"><highlight class="normal"></highlight></codeline>
<codeline lineno="227"><highlight class="normal"><sp/><sp/><sp/><sp/><sp/><sp/><sp/><sp/><sp/><sp/><sp/><sp/>statement<sp/>=<sp/>connect.createStatement();</highlight></codeline>
<codeline lineno="228"><highlight class="normal"><sp/><sp/><sp/><sp/><sp/><sp/><sp/><sp/><sp/><sp/><sp/><sp/>statement.executeUpdate(query);</highlight></codeline>
<codeline lineno="229"><highlight class="normal"><sp/><sp/><sp/><sp/><sp/><sp/><sp/><sp/><sp/><sp/><sp/><sp/></highlight><highlight class="comment">//pStatement.executeUpdate();</highlight><highlight class="normal"></highlight></codeline>
<codeline lineno="230"><highlight class="normal"><sp/><sp/><sp/><sp/><sp/><sp/><sp/><sp/><sp/><sp/><sp/><sp/></highlight><highlight class="keywordflow">return</highlight><highlight class="normal"><sp/></highlight><highlight class="keyword">true</highlight><highlight class="normal">;</highlight></codeline>
<codeline lineno="231"><highlight class="normal"><sp/><sp/><sp/><sp/><sp/><sp/><sp/><sp/>}<sp/></highlight><highlight class="keywordflow">catch</highlight><highlight class="normal"><sp/>(Exception<sp/>e)<sp/>{</highlight></codeline>
<codeline lineno="232"><highlight class="normal"><sp/><sp/><sp/><sp/><sp/><sp/><sp/><sp/><sp/><sp/><sp/><sp/></highlight><highlight class="keywordflow">return</highlight><highlight class="normal"><sp/></highlight><highlight class="keyword">false</highlight><highlight class="normal">;</highlight></codeline>
<codeline lineno="233"><highlight class="normal"><sp/><sp/><sp/><sp/><sp/><sp/><sp/><sp/>}</highlight></codeline>
<codeline lineno="234"><highlight class="normal"><sp/><sp/><sp/><sp/>}</highlight></codeline>
<codeline lineno="235"><highlight class="normal"></highlight></codeline>
<codeline lineno="236" refid="class_database_handler_1ab63bedcd19c5e1596c6e693672cc479a" refkind="member"><highlight class="normal"><sp/><sp/><sp/><sp/></highlight><highlight class="keyword">public</highlight><highlight class="normal"><sp/></highlight><highlight class="keywordtype">boolean</highlight><highlight class="normal"><sp/><ref refid="class_database_handler_1ab63bedcd19c5e1596c6e693672cc479a" kindref="member">deleteData</ref>(String<sp/>tb,<sp/>String<sp/>col,<sp/>String<sp/>data)<sp/>{</highlight></codeline>
<codeline lineno="237"><highlight class="normal"><sp/><sp/><sp/><sp/><sp/><sp/><sp/><sp/></highlight><highlight class="keywordflow">try</highlight><highlight class="normal"><sp/>{</highlight></codeline>
<codeline lineno="238"><highlight class="normal"></highlight><highlight class="comment">//<sp/><sp/><sp/><sp/><sp/><sp/><sp/><sp/><sp/><sp/><sp/><sp/></highlight><highlight class="normal"></highlight></codeline>
<codeline lineno="239"><highlight class="normal"><sp/><sp/><sp/><sp/><sp/><sp/><sp/><sp/><sp/><sp/><sp/><sp/>String<sp/>query<sp/>=<sp/></highlight><highlight class="stringliteral">&quot;DELETE<sp/>FROM<sp/>&quot;</highlight><highlight class="normal"><sp/>+<sp/>tb<sp/>+<sp/></highlight><highlight class="stringliteral">&quot;<sp/>WHERE<sp/>&quot;</highlight><highlight class="normal"><sp/>+<sp/>col<sp/>+<sp/></highlight><highlight class="stringliteral">&quot;=<sp/>&apos;&quot;</highlight><highlight class="normal"><sp/>+<sp/>data<sp/>+<sp/></highlight><highlight class="stringliteral">&quot;&apos;&quot;</highlight><highlight class="normal">;</highlight></codeline>
<codeline lineno="240"><highlight class="normal"><sp/><sp/><sp/><sp/><sp/><sp/><sp/><sp/><sp/><sp/><sp/><sp/>pStatement<sp/>=<sp/>connect.prepareStatement(query);</highlight></codeline>
<codeline lineno="241"><highlight class="normal"><sp/><sp/><sp/><sp/><sp/><sp/><sp/><sp/><sp/><sp/><sp/><sp/>pStatement.executeUpdate();</highlight></codeline>
<codeline lineno="242"><highlight class="normal"><sp/><sp/><sp/><sp/><sp/><sp/><sp/><sp/><sp/><sp/><sp/><sp/></highlight><highlight class="keywordflow">return</highlight><highlight class="normal"><sp/></highlight><highlight class="keyword">true</highlight><highlight class="normal">;</highlight></codeline>
<codeline lineno="243"><highlight class="normal"><sp/><sp/><sp/><sp/><sp/><sp/><sp/><sp/>}<sp/></highlight><highlight class="keywordflow">catch</highlight><highlight class="normal"><sp/>(Exception<sp/>e)<sp/>{</highlight></codeline>
<codeline lineno="244"><highlight class="normal"><sp/><sp/><sp/><sp/><sp/><sp/><sp/><sp/><sp/><sp/><sp/><sp/></highlight><highlight class="keywordflow">return</highlight><highlight class="normal"><sp/></highlight><highlight class="keyword">false</highlight><highlight class="normal">;</highlight></codeline>
<codeline lineno="245"><highlight class="normal"><sp/><sp/><sp/><sp/><sp/><sp/><sp/><sp/>}</highlight></codeline>
<codeline lineno="246"><highlight class="normal"><sp/><sp/><sp/><sp/>}</highlight></codeline>
<codeline lineno="247"><highlight class="normal"></highlight></codeline>
<codeline lineno="248" refid="class_database_handler_1aee7ff1913c7d5cf9453b9eca5e80648d" refkind="member"><highlight class="normal"><sp/><sp/><sp/><sp/></highlight><highlight class="keyword">public</highlight><highlight class="normal"><sp/>DatabaseMetaData<sp/><ref refid="class_database_handler_1aee7ff1913c7d5cf9453b9eca5e80648d" kindref="member">getTableName</ref>()<sp/>{</highlight></codeline>
<codeline lineno="249"><highlight class="normal"><sp/><sp/><sp/><sp/><sp/><sp/><sp/><sp/></highlight><highlight class="keywordflow">try</highlight><highlight class="normal"><sp/>{</highlight></codeline>
<codeline lineno="250"><highlight class="normal"><sp/><sp/><sp/><sp/><sp/><sp/><sp/><sp/><sp/><sp/><sp/><sp/>DatabaseMetaData<sp/>md<sp/>=<sp/>connect.getMetaData();</highlight></codeline>
<codeline lineno="251"><highlight class="normal"><sp/><sp/><sp/><sp/><sp/><sp/><sp/><sp/><sp/><sp/><sp/><sp/></highlight><highlight class="keywordflow">return</highlight><highlight class="normal"><sp/>md;</highlight></codeline>
<codeline lineno="252"><highlight class="normal"><sp/><sp/><sp/><sp/><sp/><sp/><sp/><sp/>}<sp/></highlight><highlight class="keywordflow">catch</highlight><highlight class="normal"><sp/>(Exception<sp/>e)<sp/>{</highlight></codeline>
<codeline lineno="253"><highlight class="normal"><sp/><sp/><sp/><sp/><sp/><sp/><sp/><sp/><sp/><sp/><sp/><sp/></highlight><highlight class="keywordflow">return</highlight><highlight class="normal"><sp/></highlight><highlight class="keyword">null</highlight><highlight class="normal">;</highlight></codeline>
<codeline lineno="254"><highlight class="normal"><sp/><sp/><sp/><sp/><sp/><sp/><sp/><sp/>}</highlight></codeline>
<codeline lineno="255"><highlight class="normal"><sp/><sp/><sp/><sp/>}</highlight></codeline>
<codeline lineno="256"><highlight class="normal"></highlight></codeline>
<codeline lineno="257" refid="class_database_handler_1a12c440f6f040a17f9f651ce9edc5d608" refkind="member"><highlight class="normal"><sp/><sp/><sp/><sp/></highlight><highlight class="keyword">public</highlight><highlight class="normal"><sp/>ResultSet<sp/><ref refid="class_database_handler_1a12c440f6f040a17f9f651ce9edc5d608" kindref="member">getProduct</ref>(String<sp/>tbName)<sp/>{</highlight></codeline>
<codeline lineno="258"><highlight class="normal"></highlight></codeline>
<codeline lineno="259"><highlight class="normal"><sp/><sp/><sp/><sp/><sp/><sp/><sp/><sp/></highlight><highlight class="keywordflow">try</highlight><highlight class="normal"><sp/>{</highlight></codeline>
<codeline lineno="260"><highlight class="normal"><sp/><sp/><sp/><sp/><sp/><sp/><sp/><sp/><sp/><sp/><sp/><sp/>List&lt;Customer&gt;<sp/>list;</highlight></codeline>
<codeline lineno="261"><highlight class="normal"><sp/><sp/><sp/><sp/><sp/><sp/><sp/><sp/><sp/><sp/><sp/><sp/>String<sp/>query<sp/>=<sp/></highlight><highlight class="stringliteral">&quot;SELECT<sp/>*<sp/>FROM<sp/>&quot;</highlight><highlight class="normal"><sp/>+<sp/>tbName;</highlight></codeline>
<codeline lineno="262"><highlight class="normal"><sp/><sp/><sp/><sp/><sp/><sp/><sp/><sp/><sp/><sp/><sp/><sp/>statement<sp/>=<sp/>connect.createStatement();</highlight></codeline>
<codeline lineno="263"><highlight class="normal"><sp/><sp/><sp/><sp/><sp/><sp/><sp/><sp/><sp/><sp/><sp/><sp/>result<sp/>=<sp/>statement.executeQuery(query);</highlight></codeline>
<codeline lineno="264"><highlight class="normal"><sp/><sp/><sp/><sp/><sp/><sp/><sp/><sp/><sp/><sp/><sp/><sp/></highlight><highlight class="comment">//<sp/><sp/>list<sp/>=<sp/>showResult(result);</highlight><highlight class="normal"></highlight></codeline>
<codeline lineno="265"><highlight class="normal"><sp/><sp/><sp/><sp/><sp/><sp/><sp/><sp/><sp/><sp/><sp/><sp/></highlight><highlight class="comment">//<sp/>System.out.println(&quot;Query<sp/>is<sp/>successful&quot;);</highlight><highlight class="normal"></highlight></codeline>
<codeline lineno="266"><highlight class="normal"><sp/><sp/><sp/><sp/><sp/><sp/><sp/><sp/><sp/><sp/><sp/><sp/></highlight><highlight class="keywordflow">return</highlight><highlight class="normal"><sp/>result;</highlight></codeline>
<codeline lineno="267"><highlight class="normal"></highlight></codeline>
<codeline lineno="268"><highlight class="normal"><sp/><sp/><sp/><sp/><sp/><sp/><sp/><sp/>}<sp/></highlight><highlight class="keywordflow">catch</highlight><highlight class="normal"><sp/>(Exception<sp/>e)<sp/>{</highlight></codeline>
<codeline lineno="269"><highlight class="normal"><sp/><sp/><sp/><sp/><sp/><sp/><sp/><sp/><sp/><sp/><sp/><sp/></highlight><highlight class="comment">//System.out.println(&quot;Query<sp/>is<sp/>problematic..&quot;);</highlight><highlight class="normal"></highlight></codeline>
<codeline lineno="270"><highlight class="normal"><sp/><sp/><sp/><sp/><sp/><sp/><sp/><sp/><sp/><sp/><sp/><sp/></highlight><highlight class="comment">//e.printStackTrace();</highlight><highlight class="normal"></highlight></codeline>
<codeline lineno="271"><highlight class="normal"><sp/><sp/><sp/><sp/><sp/><sp/><sp/><sp/><sp/><sp/><sp/><sp/></highlight><highlight class="keywordflow">return</highlight><highlight class="normal"><sp/></highlight><highlight class="keyword">null</highlight><highlight class="normal">;</highlight></codeline>
<codeline lineno="272"><highlight class="normal"><sp/><sp/><sp/><sp/><sp/><sp/><sp/><sp/>}</highlight></codeline>
<codeline lineno="273"><highlight class="normal"><sp/><sp/><sp/><sp/>}</highlight></codeline>
<codeline lineno="274"><highlight class="normal"></highlight></codeline>
<codeline lineno="275" refid="class_database_handler_1af61e1c8fda7f53e1f1a047b1215c740e" refkind="member"><highlight class="normal"><sp/><sp/><sp/><sp/></highlight><highlight class="keyword">public</highlight><highlight class="normal"><sp/></highlight><highlight class="keywordtype">boolean</highlight><highlight class="normal"><sp/><ref refid="class_database_handler_1af61e1c8fda7f53e1f1a047b1215c740e" kindref="member">registrationMethod</ref>(String<sp/>name,<sp/>String<sp/>email,<sp/>String<sp/>password)<sp/>{</highlight></codeline>
<codeline lineno="276"><highlight class="normal"></highlight></codeline>
<codeline lineno="277"><highlight class="normal"><sp/><sp/><sp/><sp/><sp/><sp/><sp/><sp/></highlight><highlight class="keywordflow">try</highlight><highlight class="normal"><sp/>{</highlight></codeline>
<codeline lineno="278"><highlight class="normal"><sp/><sp/><sp/><sp/><sp/><sp/><sp/><sp/><sp/><sp/><sp/><sp/>String<sp/>query<sp/>=<sp/></highlight><highlight class="stringliteral">&quot;INSERT<sp/>INTO<sp/>Customer(Name,Email,Password)<sp/>VALUES(&apos;&quot;</highlight><highlight class="normal"><sp/>+<sp/>name<sp/>+<sp/></highlight><highlight class="stringliteral">&quot;&apos;,&apos;&quot;</highlight><highlight class="normal"><sp/>+<sp/>email<sp/>+<sp/></highlight><highlight class="stringliteral">&quot;&apos;,&apos;&quot;</highlight><highlight class="normal"><sp/>+<sp/>password<sp/>+<sp/></highlight><highlight class="stringliteral">&quot;&apos;)&quot;</highlight><highlight class="normal">;</highlight></codeline>
<codeline lineno="279"><highlight class="normal"><sp/><sp/><sp/><sp/><sp/><sp/><sp/><sp/><sp/><sp/><sp/><sp/>System.out.println(query);</highlight></codeline>
<codeline lineno="280"><highlight class="normal"><sp/><sp/><sp/><sp/><sp/><sp/><sp/><sp/><sp/><sp/><sp/><sp/>statement<sp/>=<sp/>connect.createStatement();</highlight></codeline>
<codeline lineno="281"><highlight class="normal"><sp/><sp/><sp/><sp/><sp/><sp/><sp/><sp/><sp/><sp/><sp/><sp/>statement.executeUpdate(query);</highlight></codeline>
<codeline lineno="282"><highlight class="normal"><sp/><sp/><sp/><sp/><sp/><sp/><sp/><sp/><sp/><sp/><sp/><sp/></highlight><highlight class="comment">//pStatement.executeUpdate();</highlight><highlight class="normal"></highlight></codeline>
<codeline lineno="283"><highlight class="normal"><sp/><sp/><sp/><sp/><sp/><sp/><sp/><sp/><sp/><sp/><sp/><sp/></highlight><highlight class="keywordflow">return</highlight><highlight class="normal"><sp/></highlight><highlight class="keyword">true</highlight><highlight class="normal">;</highlight></codeline>
<codeline lineno="284"><highlight class="normal"><sp/><sp/><sp/><sp/><sp/><sp/><sp/><sp/>}<sp/></highlight><highlight class="keywordflow">catch</highlight><highlight class="normal"><sp/>(Exception<sp/>e)<sp/>{</highlight></codeline>
<codeline lineno="285"><highlight class="normal"><sp/><sp/><sp/><sp/><sp/><sp/><sp/><sp/><sp/><sp/><sp/><sp/></highlight><highlight class="keywordflow">return</highlight><highlight class="normal"><sp/></highlight><highlight class="keyword">false</highlight><highlight class="normal">;</highlight></codeline>
<codeline lineno="286"><highlight class="normal"><sp/><sp/><sp/><sp/><sp/><sp/><sp/><sp/>}</highlight></codeline>
<codeline lineno="287"><highlight class="normal"><sp/><sp/><sp/><sp/>}</highlight></codeline>
<codeline lineno="288"><highlight class="normal"></highlight></codeline>
<codeline lineno="289" refid="class_database_handler_1abedcbb21da30f991f7b93b1db5c9b829" refkind="member"><highlight class="normal"><sp/><sp/><sp/><sp/></highlight><highlight class="keyword">public</highlight><highlight class="normal"><sp/></highlight><highlight class="keywordtype">boolean</highlight><highlight class="normal"><sp/><ref refid="class_database_handler_1abedcbb21da30f991f7b93b1db5c9b829" kindref="member">loginMethod</ref>(String<sp/>email,<sp/>String<sp/>_password)<sp/></highlight><highlight class="keywordflow">throws</highlight><highlight class="normal"><sp/>SQLException<sp/>{</highlight></codeline>
<codeline lineno="290"><highlight class="normal"><sp/><sp/><sp/><sp/><sp/><sp/><sp/><sp/>String<sp/>query<sp/>=<sp/></highlight><highlight class="stringliteral">&quot;Select<sp/>Password<sp/>from<sp/>Customer<sp/>Where<sp/>Email=<sp/>&apos;&quot;</highlight><highlight class="normal"><sp/>+<sp/>email<sp/>+<sp/></highlight><highlight class="stringliteral">&quot;&apos;&quot;</highlight><highlight class="normal">;</highlight></codeline>
<codeline lineno="291"><highlight class="normal"><sp/><sp/><sp/><sp/><sp/><sp/><sp/><sp/>statement<sp/>=<sp/>connect.createStatement();</highlight></codeline>
<codeline lineno="292"><highlight class="normal"><sp/><sp/><sp/><sp/><sp/><sp/><sp/><sp/>result<sp/>=<sp/>statement.executeQuery(query);</highlight></codeline>
<codeline lineno="293"><highlight class="normal"><sp/><sp/><sp/><sp/><sp/><sp/><sp/><sp/>String<sp/>password<sp/>=<sp/></highlight><highlight class="stringliteral">&quot;&quot;</highlight><highlight class="normal">;</highlight></codeline>
<codeline lineno="294"><highlight class="normal"><sp/><sp/><sp/><sp/><sp/><sp/><sp/><sp/>ArrayList&lt;String&gt;<sp/>colName<sp/>=<sp/></highlight><highlight class="keyword">new</highlight><highlight class="normal"><sp/>ArrayList&lt;&gt;();</highlight></codeline>
<codeline lineno="295"><highlight class="normal"><sp/><sp/><sp/><sp/><sp/><sp/><sp/><sp/></highlight><highlight class="keywordflow">for</highlight><highlight class="normal"><sp/>(</highlight><highlight class="keywordtype">int</highlight><highlight class="normal"><sp/>i<sp/>=<sp/>1;<sp/>i<sp/>&lt;=<sp/>result.getMetaData().getColumnCount();<sp/>i++)<sp/>{</highlight></codeline>
<codeline lineno="296"><highlight class="normal"><sp/><sp/><sp/><sp/><sp/><sp/><sp/><sp/><sp/><sp/><sp/><sp/>colName.add(result.getMetaData().getColumnName(i));</highlight></codeline>
<codeline lineno="297"><highlight class="normal"><sp/><sp/><sp/><sp/><sp/><sp/><sp/><sp/>}</highlight></codeline>
<codeline lineno="298"><highlight class="normal"></highlight></codeline>
<codeline lineno="299"><highlight class="normal"><sp/><sp/><sp/><sp/><sp/><sp/><sp/><sp/></highlight><highlight class="keywordflow">while</highlight><highlight class="normal"><sp/>(result.next())<sp/>{</highlight></codeline>
<codeline lineno="300"><highlight class="normal"></highlight></codeline>
<codeline lineno="301"><highlight class="normal"><sp/><sp/><sp/><sp/><sp/><sp/><sp/><sp/><sp/><sp/><sp/><sp/></highlight><highlight class="keywordflow">for</highlight><highlight class="normal"><sp/>(String<sp/>col<sp/>:<sp/>colName)<sp/>{</highlight></codeline>
<codeline lineno="302"><highlight class="normal"><sp/><sp/><sp/><sp/><sp/><sp/><sp/><sp/><sp/><sp/><sp/><sp/><sp/><sp/><sp/><sp/>password<sp/>=<sp/>result.getString(col);</highlight></codeline>
<codeline lineno="303"><highlight class="normal"><sp/><sp/><sp/><sp/><sp/><sp/><sp/><sp/><sp/><sp/><sp/><sp/><sp/><sp/><sp/><sp/></highlight><highlight class="comment">//<sp/><sp/><sp/><sp/>ss<sp/>+=<sp/>&quot;<sp/>&quot;;</highlight><highlight class="normal"></highlight></codeline>
<codeline lineno="304"><highlight class="normal"><sp/><sp/><sp/><sp/><sp/><sp/><sp/><sp/><sp/><sp/><sp/><sp/>}</highlight></codeline>
<codeline lineno="305"><highlight class="normal"><sp/><sp/><sp/><sp/><sp/><sp/><sp/><sp/><sp/><sp/><sp/><sp/>System.out.println(password);</highlight></codeline>
<codeline lineno="306"><highlight class="normal"><sp/><sp/><sp/><sp/><sp/><sp/><sp/><sp/>}</highlight></codeline>
<codeline lineno="307"><highlight class="normal"><sp/><sp/><sp/><sp/><sp/><sp/><sp/><sp/></highlight><highlight class="keywordflow">if</highlight><highlight class="normal"><sp/>(password.equals(_password))<sp/>{</highlight></codeline>
<codeline lineno="308"><highlight class="normal"><sp/><sp/><sp/><sp/><sp/><sp/><sp/><sp/><sp/><sp/><sp/><sp/></highlight><highlight class="keywordflow">return</highlight><highlight class="normal"><sp/></highlight><highlight class="keyword">true</highlight><highlight class="normal">;</highlight></codeline>
<codeline lineno="309"><highlight class="normal"><sp/><sp/><sp/><sp/><sp/><sp/><sp/><sp/>}</highlight></codeline>
<codeline lineno="310"><highlight class="normal"><sp/><sp/><sp/><sp/><sp/><sp/><sp/><sp/></highlight><highlight class="keywordflow">return</highlight><highlight class="normal"><sp/></highlight><highlight class="keyword">false</highlight><highlight class="normal">;</highlight></codeline>
<codeline lineno="311"><highlight class="normal"><sp/><sp/><sp/><sp/>}</highlight></codeline>
<codeline lineno="312"><highlight class="normal"></highlight></codeline>
<codeline lineno="313"><highlight class="normal"><sp/><sp/><sp/><sp/></highlight><highlight class="keywordtype">void</highlight><highlight class="normal"><sp/>setVisible(</highlight><highlight class="keywordtype">boolean</highlight><highlight class="normal"><sp/>b)<sp/>{</highlight></codeline>
<codeline lineno="314"><highlight class="normal"><sp/><sp/><sp/><sp/><sp/><sp/><sp/><sp/></highlight><highlight class="keywordflow">throw</highlight><highlight class="normal"><sp/></highlight><highlight class="keyword">new</highlight><highlight class="normal"><sp/>UnsupportedOperationException(</highlight><highlight class="stringliteral">&quot;Not<sp/>supported<sp/>yet.&quot;</highlight><highlight class="normal">);<sp/></highlight><highlight class="comment">//To<sp/>change<sp/>body<sp/>of<sp/>generated<sp/>methods,<sp/>choose<sp/>Tools<sp/>|<sp/>Templates.</highlight><highlight class="normal"></highlight></codeline>
<codeline lineno="315"><highlight class="normal"><sp/><sp/><sp/><sp/>}</highlight></codeline>
<codeline lineno="316"><highlight class="normal">}</highlight></codeline>
    </programlisting>
    <location file="src/java/DatabaseHandler.java"/>
  </compounddef>
</doxygen>
