<?xml version='1.0' encoding='UTF-8' standalone='no'?>
<doxygen xmlns:xsi="http://www.w3.org/2001/XMLSchema-instance" xsi:noNamespaceSchemaLocation="compound.xsd" version="1.8.15">
  <compounddef id="_product_servlet_8java" kind="file" language="Java">
    <compoundname>ProductServlet.java</compoundname>
    <innerclass refid="class_product_servlet" prot="public">ProductServlet</innerclass>
    <briefdescription>
    </briefdescription>
    <detaileddescription>
    </detaileddescription>
    <programlisting>
<codeline lineno="1"><highlight class="comment">/*</highlight></codeline>
<codeline lineno="2"><highlight class="comment"><sp/>*<sp/>To<sp/>change<sp/>this<sp/>license<sp/>header,<sp/>choose<sp/>License<sp/>Headers<sp/>in<sp/>Project<sp/>Properties.</highlight></codeline>
<codeline lineno="3"><highlight class="comment"><sp/>*<sp/>To<sp/>change<sp/>this<sp/>template<sp/>file,<sp/>choose<sp/>Tools<sp/>|<sp/>Templates</highlight></codeline>
<codeline lineno="4"><highlight class="comment"><sp/>*<sp/>and<sp/>open<sp/>the<sp/>template<sp/>in<sp/>the<sp/>editor.</highlight></codeline>
<codeline lineno="5"><highlight class="comment"><sp/>*/</highlight><highlight class="normal"></highlight></codeline>
<codeline lineno="6"><highlight class="normal"></highlight></codeline>
<codeline lineno="7"><highlight class="normal"></highlight><highlight class="keyword">import</highlight><highlight class="normal"><sp/>java.io.IOException;</highlight></codeline>
<codeline lineno="8"><highlight class="normal"></highlight><highlight class="keyword">import</highlight><highlight class="normal"><sp/>java.io.PrintWriter;</highlight></codeline>
<codeline lineno="9"><highlight class="normal"></highlight><highlight class="keyword">import</highlight><highlight class="normal"><sp/>java.nio.file.Paths;</highlight></codeline>
<codeline lineno="10"><highlight class="normal"></highlight><highlight class="keyword">import</highlight><highlight class="normal"><sp/>java.rmi.registry.LocateRegistry;</highlight></codeline>
<codeline lineno="11"><highlight class="normal"></highlight><highlight class="keyword">import</highlight><highlight class="normal"><sp/>java.rmi.registry.Registry;</highlight></codeline>
<codeline lineno="12"><highlight class="normal"></highlight><highlight class="keyword">import</highlight><highlight class="normal"><sp/>java.util.ArrayList;</highlight></codeline>
<codeline lineno="13"><highlight class="normal"></highlight><highlight class="keyword">import</highlight><highlight class="normal"><sp/>java.util.List;</highlight></codeline>
<codeline lineno="14"><highlight class="normal"></highlight><highlight class="keyword">import</highlight><highlight class="normal"><sp/>javax.servlet.ServletException;</highlight></codeline>
<codeline lineno="15"><highlight class="normal"></highlight><highlight class="keyword">import</highlight><highlight class="normal"><sp/>javax.servlet.http.HttpServlet;</highlight></codeline>
<codeline lineno="16"><highlight class="normal"></highlight><highlight class="keyword">import</highlight><highlight class="normal"><sp/>javax.servlet.http.HttpServletRequest;</highlight></codeline>
<codeline lineno="17"><highlight class="normal"></highlight><highlight class="keyword">import</highlight><highlight class="normal"><sp/>javax.servlet.http.HttpServletResponse;</highlight></codeline>
<codeline lineno="18"><highlight class="normal"></highlight></codeline>
<codeline lineno="23" refid="class_product_servlet" refkind="compound"><highlight class="keyword">public</highlight><highlight class="normal"><sp/></highlight><highlight class="keyword">class<sp/></highlight><highlight class="normal"><ref refid="class_product_servlet" kindref="compound">ProductServlet</ref><sp/></highlight><highlight class="keyword">extends</highlight><highlight class="normal"><sp/>HttpServlet<sp/>{</highlight></codeline>
<codeline lineno="24"><highlight class="normal"></highlight></codeline>
<codeline lineno="34" refid="class_product_servlet_1a748fbea7145fcb13f23bfb5a34bec99a" refkind="member"><highlight class="normal"><sp/><sp/><sp/><sp/></highlight><highlight class="keyword">protected</highlight><highlight class="normal"><sp/></highlight><highlight class="keywordtype">void</highlight><highlight class="normal"><sp/><ref refid="class_product_servlet_1a748fbea7145fcb13f23bfb5a34bec99a" kindref="member">processRequest</ref>(HttpServletRequest<sp/>request,<sp/>HttpServletResponse<sp/>response)</highlight></codeline>
<codeline lineno="35"><highlight class="normal"><sp/><sp/><sp/><sp/><sp/><sp/><sp/><sp/><sp/><sp/><sp/><sp/></highlight><highlight class="keywordflow">throws</highlight><highlight class="normal"><sp/>ServletException,<sp/>IOException<sp/>{</highlight></codeline>
<codeline lineno="36"><highlight class="normal"><sp/><sp/><sp/><sp/><sp/><sp/><sp/><sp/>response.setContentType(</highlight><highlight class="stringliteral">&quot;text/html;charset=UTF-8&quot;</highlight><highlight class="normal">);</highlight></codeline>
<codeline lineno="37"><highlight class="normal"><sp/><sp/><sp/><sp/><sp/><sp/><sp/><sp/>ArrayList&lt;Product&gt;<sp/>list<sp/>=<sp/></highlight><highlight class="keyword">new</highlight><highlight class="normal"><sp/>ArrayList&lt;&gt;();</highlight></codeline>
<codeline lineno="38"><highlight class="normal"><sp/><sp/><sp/><sp/><sp/><sp/><sp/><sp/></highlight><highlight class="keywordflow">try</highlight><highlight class="normal">{</highlight></codeline>
<codeline lineno="39"><highlight class="normal"><sp/><sp/><sp/><sp/><sp/><sp/><sp/><sp/><sp/><sp/><sp/><sp/>Registry<sp/>registry<sp/>=<sp/>LocateRegistry.getRegistry(40001);</highlight></codeline>
<codeline lineno="40"><highlight class="normal"><sp/><sp/><sp/><sp/><sp/><sp/><sp/><sp/><sp/><sp/><sp/><sp/><ref refid="interface_customer_interface" kindref="compound">CustomerInterface</ref><sp/>stub<sp/>=<sp/>(<ref refid="interface_customer_interface" kindref="compound">CustomerInterface</ref>)<sp/>registry.lookup(</highlight><highlight class="stringliteral">&quot;Customer&quot;</highlight><highlight class="normal">);</highlight></codeline>
<codeline lineno="41"><highlight class="normal"><sp/><sp/><sp/><sp/><sp/><sp/><sp/><sp/><sp/><sp/><sp/><sp/></highlight><highlight class="comment">//<sp/>Calling<sp/>the<sp/>remote<sp/>method<sp/>using<sp/>the<sp/>obtained<sp/>object<sp/></highlight><highlight class="normal"></highlight></codeline>
<codeline lineno="42"><highlight class="normal"><sp/><sp/><sp/><sp/><sp/><sp/><sp/><sp/><sp/><sp/><sp/><sp/><sp/>list<sp/>=<sp/>stub.<ref refid="interface_customer_interface_1a671bbfd3dfb9bbc58d3c9d04f38da627" kindref="member">getProduct</ref>();<sp/></highlight></codeline>
<codeline lineno="43"><highlight class="normal"><sp/><sp/><sp/><sp/><sp/><sp/><sp/><sp/><sp/><sp/></highlight><highlight class="comment">//<sp/><sp/>fromServer<sp/>=<sp/>stub.sayHello(&quot;Oishee&quot;);</highlight><highlight class="normal"></highlight></codeline>
<codeline lineno="44"><highlight class="normal"><sp/><sp/><sp/><sp/><sp/><sp/><sp/><sp/><sp/></highlight><highlight class="comment">//<sp/><sp/><sp/><sp/><sp/>fromServer<sp/>=<sp/>stub.getProduct();</highlight><highlight class="normal"></highlight></codeline>
<codeline lineno="45"><highlight class="normal"><sp/><sp/><sp/><sp/><sp/><sp/><sp/><sp/><sp/><sp/><sp/>System.out.println(</highlight><highlight class="stringliteral">&quot;Fname:<sp/>&quot;</highlight><highlight class="normal">);<sp/></highlight></codeline>
<codeline lineno="46"><highlight class="normal"><sp/><sp/><sp/><sp/><sp/><sp/><sp/><sp/><sp/><sp/><sp/></highlight><highlight class="keywordflow">for</highlight><highlight class="normal"><sp/>(<ref refid="class_product" kindref="compound">Product</ref><sp/>s:<sp/>list){<sp/></highlight></codeline>
<codeline lineno="47"><highlight class="normal"><sp/><sp/><sp/><sp/><sp/><sp/><sp/><sp/><sp/><sp/><sp/><sp/>System.out.println(</highlight><highlight class="stringliteral">&quot;Fname:<sp/>&quot;</highlight><highlight class="normal"><sp/>+s.getPrice());<sp/></highlight></codeline>
<codeline lineno="48"><highlight class="normal"><sp/><sp/><sp/><sp/><sp/><sp/><sp/><sp/><sp/><sp/><sp/><sp/>}<sp/><sp/></highlight></codeline>
<codeline lineno="49"><highlight class="normal"><sp/><sp/><sp/><sp/><sp/><sp/><sp/><sp/><sp/><sp/><sp/></highlight></codeline>
<codeline lineno="50"><highlight class="normal"><sp/><sp/><sp/><sp/><sp/><sp/><sp/><sp/><sp/><sp/></highlight></codeline>
<codeline lineno="51"><highlight class="normal"><sp/><sp/><sp/><sp/><sp/><sp/><sp/><sp/>}</highlight><highlight class="keywordflow">catch</highlight><highlight class="normal">(Exception<sp/>ex)</highlight></codeline>
<codeline lineno="52"><highlight class="normal"><sp/><sp/><sp/><sp/><sp/><sp/><sp/><sp/>{</highlight></codeline>
<codeline lineno="53"><highlight class="normal"><sp/><sp/><sp/><sp/><sp/><sp/><sp/><sp/><sp/><sp/><sp/><sp/>ex.printStackTrace();</highlight></codeline>
<codeline lineno="54"><highlight class="normal"><sp/><sp/><sp/><sp/><sp/><sp/><sp/><sp/>}</highlight></codeline>
<codeline lineno="55"><highlight class="normal"><sp/><sp/><sp/><sp/><sp/><sp/><sp/><sp/></highlight><highlight class="keywordflow">try</highlight><highlight class="normal"><sp/>(PrintWriter<sp/>out<sp/>=<sp/>response.getWriter())<sp/>{</highlight></codeline>
<codeline lineno="56"><highlight class="normal"><sp/><sp/><sp/><sp/><sp/><sp/><sp/><sp/><sp/><sp/><sp/><sp/></highlight><highlight class="comment">/*<sp/>TODO<sp/>output<sp/>your<sp/>page<sp/>here.<sp/>You<sp/>may<sp/>use<sp/>following<sp/>sample<sp/>code.<sp/>*/</highlight><highlight class="normal"></highlight></codeline>
<codeline lineno="57"><highlight class="normal"><sp/><sp/><sp/><sp/><sp/><sp/><sp/><sp/><sp/><sp/><sp/><sp/>out.println(</highlight><highlight class="stringliteral">&quot;&lt;!DOCTYPE<sp/>html&gt;&quot;</highlight><highlight class="normal">);</highlight></codeline>
<codeline lineno="58"><highlight class="normal"><sp/><sp/><sp/><sp/><sp/><sp/><sp/><sp/><sp/><sp/><sp/><sp/>out.println(</highlight><highlight class="stringliteral">&quot;&lt;html<sp/>lang=&apos;en&apos;&gt;&quot;</highlight><highlight class="normal">);</highlight></codeline>
<codeline lineno="59"><highlight class="normal"><sp/><sp/><sp/><sp/><sp/><sp/><sp/><sp/><sp/><sp/><sp/><sp/>out.println(</highlight><highlight class="stringliteral">&quot;&lt;head&gt;&quot;</highlight><highlight class="normal">);</highlight></codeline>
<codeline lineno="60"><highlight class="normal"><sp/><sp/><sp/><sp/><sp/><sp/><sp/><sp/><sp/><sp/><sp/><sp/>out.println(</highlight><highlight class="stringliteral">&quot;&lt;meta<sp/>charset=&apos;UTF-8&apos;&gt;&quot;</highlight><highlight class="normal">);</highlight></codeline>
<codeline lineno="61"><highlight class="normal"><sp/><sp/><sp/><sp/><sp/><sp/><sp/><sp/><sp/><sp/><sp/><sp/>out.println(</highlight><highlight class="stringliteral">&quot;&lt;meta<sp/>name=&apos;viewport&apos;<sp/>content=&apos;width=device-width,<sp/>initial-scale=1.0&apos;&gt;&quot;</highlight><highlight class="normal">);</highlight></codeline>
<codeline lineno="62"><highlight class="normal"><sp/><sp/><sp/><sp/><sp/><sp/><sp/><sp/><sp/><sp/><sp/><sp/>out.println(</highlight><highlight class="stringliteral">&quot;&lt;meta<sp/>http-equiv=&apos;X-UA-Compatible&apos;<sp/>content=&apos;ie=edge&apos;&gt;&quot;</highlight><highlight class="normal">);</highlight></codeline>
<codeline lineno="63"><highlight class="normal"><sp/><sp/><sp/><sp/><sp/><sp/><sp/><sp/><sp/><sp/><sp/><sp/>out.println(</highlight><highlight class="stringliteral">&quot;&lt;title&gt;Aroma<sp/>Shop<sp/>-<sp/>Product<sp/>Details&lt;/title&gt;&quot;</highlight><highlight class="normal">);</highlight></codeline>
<codeline lineno="64"><highlight class="normal"><sp/><sp/><sp/><sp/><sp/><sp/><sp/><sp/><sp/><sp/><sp/><sp/>out.println(</highlight><highlight class="stringliteral">&quot;&lt;link<sp/>rel=&apos;icon&apos;<sp/>href=&apos;img/Fevicon.png&apos;<sp/>type=&apos;image/png&apos;&gt;&quot;</highlight><highlight class="normal">);</highlight></codeline>
<codeline lineno="65"><highlight class="normal"><sp/><sp/><sp/><sp/><sp/><sp/><sp/><sp/><sp/><sp/><sp/><sp/>out.println(</highlight><highlight class="stringliteral">&quot;&lt;link<sp/>rel=&apos;stylesheet&apos;<sp/>href=&apos;vendors/bootstrap/bootstrap.min.css&apos;&gt;&quot;</highlight><highlight class="normal">);</highlight></codeline>
<codeline lineno="66"><highlight class="normal"><sp/><sp/><sp/><sp/><sp/><sp/><sp/><sp/><sp/><sp/><sp/><sp/>out.println(</highlight><highlight class="stringliteral">&quot;&lt;link<sp/>rel=&apos;stylesheet&apos;<sp/>href=&apos;vendors/fontawesome/css/all.min.css&apos;&gt;&quot;</highlight><highlight class="normal">);</highlight></codeline>
<codeline lineno="67"><highlight class="normal"><sp/><sp/><sp/><sp/><sp/><sp/><sp/><sp/><sp/><sp/><sp/><sp/>out.println(</highlight><highlight class="stringliteral">&quot;&lt;link<sp/>rel=&apos;stylesheet&apos;<sp/>href=&apos;vendors/themify-icons/themify-icons.css&apos;&gt;&quot;</highlight><highlight class="normal">);</highlight></codeline>
<codeline lineno="68"><highlight class="normal"><sp/><sp/><sp/><sp/><sp/><sp/><sp/><sp/><sp/><sp/><sp/><sp/>out.println(</highlight><highlight class="stringliteral">&quot;&lt;link<sp/>rel=&apos;stylesheet&apos;<sp/>href=&apos;vendors/linericon/style.css&apos;&gt;&quot;</highlight><highlight class="normal">);</highlight></codeline>
<codeline lineno="69"><highlight class="normal"><sp/><sp/><sp/><sp/><sp/><sp/><sp/><sp/><sp/><sp/><sp/><sp/>out.println(</highlight><highlight class="stringliteral">&quot;&lt;link<sp/>rel=&apos;stylesheet&apos;<sp/>href=&apos;vendors/nice-select/nice-select.css&apos;&gt;&quot;</highlight><highlight class="normal">);</highlight></codeline>
<codeline lineno="70"><highlight class="normal"><sp/><sp/><sp/><sp/><sp/><sp/><sp/><sp/><sp/><sp/><sp/><sp/>out.println(</highlight><highlight class="stringliteral">&quot;&lt;link<sp/>rel=&apos;stylesheet&apos;<sp/>href=&apos;vendors/owl-carousel/owl.theme.default.min.css&apos;&gt;&quot;</highlight><highlight class="normal">);</highlight></codeline>
<codeline lineno="71"><highlight class="normal"><sp/><sp/><sp/><sp/><sp/><sp/><sp/><sp/><sp/><sp/><sp/><sp/>out.println(</highlight><highlight class="stringliteral">&quot;&lt;link<sp/>rel=&apos;stylesheet&apos;<sp/>href=&apos;vendors/owl-carousel/owl.carousel.min.css&apos;&gt;&quot;</highlight><highlight class="normal">);</highlight></codeline>
<codeline lineno="72"><highlight class="normal"><sp/><sp/><sp/><sp/><sp/><sp/><sp/><sp/><sp/><sp/><sp/><sp/>out.println(</highlight><highlight class="stringliteral">&quot;&lt;link<sp/>rel=&apos;stylesheet&apos;<sp/>href=&apos;product.css&apos;&gt;&quot;</highlight><highlight class="normal">);</highlight></codeline>
<codeline lineno="73"><highlight class="normal"><sp/><sp/><sp/><sp/><sp/><sp/><sp/><sp/><sp/><sp/><sp/><sp/>out.println(</highlight><highlight class="stringliteral">&quot;&lt;link<sp/>rel=&apos;stylesheet&apos;<sp/>href=&apos;style.css&apos;&gt;&quot;</highlight><highlight class="normal">);</highlight></codeline>
<codeline lineno="74"><highlight class="normal"><sp/><sp/><sp/><sp/><sp/><sp/><sp/><sp/><sp/><sp/><sp/><sp/>out.println(</highlight><highlight class="stringliteral">&quot;&lt;/head&gt;&quot;</highlight><highlight class="normal">);</highlight></codeline>
<codeline lineno="75"><highlight class="normal"><sp/><sp/><sp/><sp/><sp/><sp/><sp/><sp/><sp/><sp/><sp/><sp/>out.println(</highlight><highlight class="stringliteral">&quot;&lt;body&gt;&quot;</highlight><highlight class="normal">);</highlight></codeline>
<codeline lineno="76"><highlight class="normal"><sp/><sp/><sp/><sp/><sp/><sp/><sp/><sp/><sp/><sp/><sp/><sp/>out.println(</highlight><highlight class="stringliteral">&quot;&lt;!--================<sp/>Start<sp/>Header<sp/>Menu<sp/>Area<sp/>=================--&gt;&quot;</highlight><highlight class="normal">);</highlight></codeline>
<codeline lineno="77"><highlight class="normal"><sp/><sp/><sp/><sp/><sp/><sp/><sp/><sp/><sp/><sp/><sp/><sp/>out.println(</highlight><highlight class="stringliteral">&quot;&lt;header<sp/>class=&apos;header_area&apos;&gt;&quot;</highlight><highlight class="normal">);</highlight></codeline>
<codeline lineno="78"><highlight class="normal"><sp/><sp/><sp/><sp/><sp/><sp/><sp/><sp/><sp/><sp/><sp/><sp/>out.println(</highlight><highlight class="stringliteral">&quot;&lt;div<sp/>class=&apos;main_menu&apos;&gt;&quot;</highlight><highlight class="normal">);</highlight></codeline>
<codeline lineno="79"><highlight class="normal"><sp/><sp/><sp/><sp/><sp/><sp/><sp/><sp/><sp/><sp/><sp/><sp/>out.println(</highlight><highlight class="stringliteral">&quot;&lt;nav<sp/>class=&apos;navbar<sp/>navbar-expand-lg<sp/>navbar-light&apos;&gt;&quot;</highlight><highlight class="normal">);</highlight></codeline>
<codeline lineno="80"><highlight class="normal"><sp/><sp/><sp/><sp/><sp/><sp/><sp/><sp/><sp/><sp/><sp/><sp/>out.println(</highlight><highlight class="stringliteral">&quot;&lt;div<sp/>class=&apos;container&apos;&gt;&quot;</highlight><highlight class="normal">);</highlight></codeline>
<codeline lineno="81"><highlight class="normal"><sp/><sp/><sp/><sp/><sp/><sp/><sp/><sp/><sp/><sp/><sp/><sp/>out.println(</highlight><highlight class="stringliteral">&quot;&lt;a<sp/>class=&apos;navbar-brand<sp/>logo_h&apos;<sp/>href=&apos;index.html&apos;&gt;&lt;img<sp/>src=&apos;img/logo.png&apos;<sp/>alt=&apos;&apos;&gt;&lt;/a&gt;&quot;</highlight><highlight class="normal">);</highlight></codeline>
<codeline lineno="82"><highlight class="normal"><sp/><sp/><sp/><sp/><sp/><sp/><sp/><sp/><sp/><sp/><sp/><sp/>out.println(</highlight><highlight class="stringliteral">&quot;&lt;button<sp/>class=&apos;navbar-toggler&apos;<sp/>type=&apos;button&apos;<sp/>data-toggle=&apos;collapse&apos;<sp/>data-target=&apos;#navbarSupportedContent&apos;&quot;</highlight><highlight class="normal">);</highlight></codeline>
<codeline lineno="83"><highlight class="normal"><sp/><sp/><sp/><sp/><sp/><sp/><sp/><sp/><sp/><sp/><sp/><sp/>out.println(</highlight><highlight class="stringliteral">&quot;aria-controls=&apos;navbarSupportedContent&apos;<sp/>aria-expanded=&apos;false&apos;<sp/>aria-label=&apos;Toggle<sp/>navigation&apos;&gt;&quot;</highlight><highlight class="normal">);</highlight></codeline>
<codeline lineno="84"><highlight class="normal"><sp/><sp/><sp/><sp/><sp/><sp/><sp/><sp/><sp/><sp/><sp/><sp/>out.println(</highlight><highlight class="stringliteral">&quot;&lt;span<sp/>class=&apos;icon-bar&apos;&gt;&lt;/span&gt;&quot;</highlight><highlight class="normal">);</highlight></codeline>
<codeline lineno="85"><highlight class="normal"><sp/><sp/><sp/><sp/><sp/><sp/><sp/><sp/><sp/><sp/><sp/><sp/>out.println(</highlight><highlight class="stringliteral">&quot;&lt;span<sp/>class=&apos;icon-bar&apos;&gt;&lt;/span&gt;&quot;</highlight><highlight class="normal">);</highlight></codeline>
<codeline lineno="86"><highlight class="normal"><sp/><sp/><sp/><sp/><sp/><sp/><sp/><sp/><sp/><sp/><sp/><sp/>out.println(</highlight><highlight class="stringliteral">&quot;&lt;span<sp/>class=&apos;icon-bar&apos;&gt;&lt;/span&gt;&quot;</highlight><highlight class="normal">);</highlight></codeline>
<codeline lineno="87"><highlight class="normal"><sp/><sp/><sp/><sp/><sp/><sp/><sp/><sp/><sp/><sp/><sp/><sp/>out.println(</highlight><highlight class="stringliteral">&quot;&lt;/button&gt;&quot;</highlight><highlight class="normal">);</highlight></codeline>
<codeline lineno="88"><highlight class="normal"><sp/><sp/><sp/><sp/><sp/><sp/><sp/><sp/><sp/><sp/><sp/><sp/>out.println(</highlight><highlight class="stringliteral">&quot;&lt;div<sp/>class=&apos;collapse<sp/>navbar-collapse<sp/>offset&apos;<sp/>id=&apos;navbarSupportedContent&apos;&gt;&quot;</highlight><highlight class="normal">);</highlight></codeline>
<codeline lineno="89"><highlight class="normal"><sp/><sp/><sp/><sp/><sp/><sp/><sp/><sp/><sp/><sp/><sp/><sp/>out.println(</highlight><highlight class="stringliteral">&quot;&lt;ul<sp/>class=&apos;nav<sp/>navbar-nav<sp/>menu_nav<sp/>ml-auto<sp/>mr-auto&apos;&gt;&quot;</highlight><highlight class="normal">);</highlight></codeline>
<codeline lineno="90"><highlight class="normal"><sp/><sp/><sp/><sp/><sp/><sp/><sp/><sp/><sp/><sp/><sp/><sp/>out.println(</highlight><highlight class="stringliteral">&quot;&lt;li<sp/>class=&apos;nav-item&apos;&gt;&lt;a<sp/>class=&apos;nav-link&apos;<sp/>href=&apos;index.html&apos;&gt;Home&lt;/a&gt;&lt;/li&gt;&quot;</highlight><highlight class="normal">);</highlight></codeline>
<codeline lineno="91"><highlight class="normal"><sp/><sp/><sp/><sp/><sp/><sp/><sp/><sp/><sp/><sp/><sp/><sp/>out.println(</highlight><highlight class="stringliteral">&quot;&lt;li<sp/>class=&apos;nav-item<sp/>active<sp/>submenu<sp/>dropdown&apos;&gt;&quot;</highlight><highlight class="normal">);</highlight></codeline>
<codeline lineno="92"><highlight class="normal"><sp/><sp/><sp/><sp/><sp/><sp/><sp/><sp/><sp/><sp/><sp/><sp/>out.println(</highlight><highlight class="stringliteral">&quot;&lt;a<sp/>href=&apos;#&apos;<sp/>class=&apos;nav-link<sp/>dropdown-toggle&apos;<sp/>data-toggle=&apos;dropdown&apos;<sp/>role=&apos;button&apos;<sp/>aria-haspopup=&apos;true&apos;&quot;</highlight><highlight class="normal">);</highlight></codeline>
<codeline lineno="93"><highlight class="normal"><sp/><sp/><sp/><sp/><sp/><sp/><sp/><sp/><sp/><sp/><sp/><sp/>out.println(</highlight><highlight class="stringliteral">&quot;aria-expanded=&apos;false&apos;&gt;Shop&lt;/a&gt;&quot;</highlight><highlight class="normal">);</highlight></codeline>
<codeline lineno="94"><highlight class="normal"><sp/><sp/><sp/><sp/><sp/><sp/><sp/><sp/><sp/><sp/><sp/><sp/>out.println(</highlight><highlight class="stringliteral">&quot;&lt;ul<sp/>class=&apos;dropdown-menu&apos;&gt;&quot;</highlight><highlight class="normal">);</highlight></codeline>
<codeline lineno="95"><highlight class="normal"><sp/><sp/><sp/><sp/><sp/><sp/><sp/><sp/><sp/><sp/><sp/><sp/>out.println(</highlight><highlight class="stringliteral">&quot;&lt;li<sp/>class=&apos;nav-item&apos;&gt;&lt;a<sp/>class=&apos;nav-link&apos;<sp/>href=&apos;category.html&apos;&gt;Shop<sp/>Category&lt;/a&gt;&lt;/li&gt;&quot;</highlight><highlight class="normal">);</highlight></codeline>
<codeline lineno="96"><highlight class="normal"><sp/><sp/><sp/><sp/><sp/><sp/><sp/><sp/><sp/><sp/><sp/><sp/>out.println(</highlight><highlight class="stringliteral">&quot;&lt;li<sp/>class=&apos;nav-item&apos;&gt;&lt;a<sp/>class=&apos;nav-link&apos;<sp/>href=&apos;single-product.html&apos;&gt;Product<sp/>Details&lt;/a&gt;&lt;/li&gt;&quot;</highlight><highlight class="normal">);</highlight></codeline>
<codeline lineno="97"><highlight class="normal"><sp/><sp/><sp/><sp/><sp/><sp/><sp/><sp/><sp/><sp/><sp/><sp/>out.println(</highlight><highlight class="stringliteral">&quot;&lt;li<sp/>class=&apos;nav-item&apos;&gt;&lt;a<sp/>class=&apos;nav-link&apos;<sp/>href=&apos;checkout.html&apos;&gt;Product<sp/>Checkout&lt;/a&gt;&lt;/li&gt;&quot;</highlight><highlight class="normal">);</highlight></codeline>
<codeline lineno="98"><highlight class="normal"><sp/><sp/><sp/><sp/><sp/><sp/><sp/><sp/><sp/><sp/><sp/><sp/>out.println(</highlight><highlight class="stringliteral">&quot;&lt;li<sp/>class=&apos;nav-item&apos;&gt;&lt;a<sp/>class=&apos;nav-link&apos;<sp/>href=&apos;confirmation.html&apos;&gt;Confirmation&lt;/a&gt;&lt;/li&gt;&quot;</highlight><highlight class="normal">);</highlight></codeline>
<codeline lineno="99"><highlight class="normal"><sp/><sp/><sp/><sp/><sp/><sp/><sp/><sp/><sp/><sp/><sp/><sp/>out.println(</highlight><highlight class="stringliteral">&quot;&lt;li<sp/>class=&apos;nav-item&apos;&gt;&lt;a<sp/>class=&apos;nav-link&apos;<sp/>href=&apos;cart.html&apos;&gt;Shopping<sp/>Cart&lt;/a&gt;&lt;/li&gt;&quot;</highlight><highlight class="normal">);</highlight></codeline>
<codeline lineno="100"><highlight class="normal"><sp/><sp/><sp/><sp/><sp/><sp/><sp/><sp/><sp/><sp/><sp/><sp/>out.println(</highlight><highlight class="stringliteral">&quot;&lt;/ul&gt;&quot;</highlight><highlight class="normal">);</highlight></codeline>
<codeline lineno="101"><highlight class="normal"><sp/><sp/><sp/><sp/><sp/><sp/><sp/><sp/><sp/><sp/><sp/><sp/>out.println(</highlight><highlight class="stringliteral">&quot;&lt;/li&gt;&quot;</highlight><highlight class="normal">);</highlight></codeline>
<codeline lineno="102"><highlight class="normal"><sp/><sp/><sp/><sp/><sp/><sp/><sp/><sp/><sp/><sp/><sp/><sp/>out.println(</highlight><highlight class="stringliteral">&quot;&lt;li<sp/>class=&apos;nav-item<sp/>submenu<sp/>dropdown&apos;&gt;&quot;</highlight><highlight class="normal">);</highlight></codeline>
<codeline lineno="103"><highlight class="normal"><sp/><sp/><sp/><sp/><sp/><sp/><sp/><sp/><sp/><sp/><sp/><sp/>out.println(</highlight><highlight class="stringliteral">&quot;&lt;a<sp/>href=&apos;#&apos;<sp/>class=&apos;nav-link<sp/>dropdown-toggle&apos;<sp/>data-toggle=&apos;dropdown&apos;<sp/>role=&apos;button&apos;<sp/>aria-haspopup=&apos;true&apos;&quot;</highlight><highlight class="normal">);</highlight></codeline>
<codeline lineno="104"><highlight class="normal"><sp/><sp/><sp/><sp/><sp/><sp/><sp/><sp/><sp/><sp/><sp/><sp/>out.println(</highlight><highlight class="stringliteral">&quot;aria-expanded=&apos;false&apos;&gt;Blog&lt;/a&gt;&quot;</highlight><highlight class="normal">);</highlight></codeline>
<codeline lineno="105"><highlight class="normal"><sp/><sp/><sp/><sp/><sp/><sp/><sp/><sp/><sp/><sp/><sp/><sp/>out.println(</highlight><highlight class="stringliteral">&quot;&lt;ul<sp/>class=&apos;dropdown-menu&apos;&gt;&quot;</highlight><highlight class="normal">);</highlight></codeline>
<codeline lineno="106"><highlight class="normal"><sp/><sp/><sp/><sp/><sp/><sp/><sp/><sp/><sp/><sp/><sp/><sp/>out.println(</highlight><highlight class="stringliteral">&quot;&lt;li<sp/>class=&apos;nav-item&apos;&gt;&lt;a<sp/>class=&apos;nav-link&apos;<sp/>href=&apos;blog.html&apos;&gt;Blog&lt;/a&gt;&lt;/li&gt;&quot;</highlight><highlight class="normal">);</highlight></codeline>
<codeline lineno="107"><highlight class="normal"><sp/><sp/><sp/><sp/><sp/><sp/><sp/><sp/><sp/><sp/><sp/><sp/>out.println(</highlight><highlight class="stringliteral">&quot;&lt;li<sp/>class=&apos;nav-item&apos;&gt;&lt;a<sp/>class=&apos;nav-link&apos;<sp/>href=&apos;single-blog.html&apos;&gt;Blog<sp/>Details&lt;/a&gt;&lt;/li&gt;&quot;</highlight><highlight class="normal">);</highlight></codeline>
<codeline lineno="108"><highlight class="normal"><sp/><sp/><sp/><sp/><sp/><sp/><sp/><sp/><sp/><sp/><sp/><sp/>out.println(</highlight><highlight class="stringliteral">&quot;&lt;/ul&gt;&quot;</highlight><highlight class="normal">);</highlight></codeline>
<codeline lineno="109"><highlight class="normal"><sp/><sp/><sp/><sp/><sp/><sp/><sp/><sp/><sp/><sp/><sp/><sp/>out.println(</highlight><highlight class="stringliteral">&quot;&lt;/li&gt;&quot;</highlight><highlight class="normal">);</highlight></codeline>
<codeline lineno="110"><highlight class="normal"><sp/><sp/><sp/><sp/><sp/><sp/><sp/><sp/><sp/><sp/><sp/><sp/>out.println(</highlight><highlight class="stringliteral">&quot;&lt;li<sp/>class=&apos;nav-item<sp/>submenu<sp/>dropdown&apos;&gt;&quot;</highlight><highlight class="normal">);</highlight></codeline>
<codeline lineno="111"><highlight class="normal"><sp/><sp/><sp/><sp/><sp/><sp/><sp/><sp/><sp/><sp/><sp/><sp/>out.println(</highlight><highlight class="stringliteral">&quot;&lt;a<sp/>href=&apos;#&apos;<sp/>class=&apos;nav-link<sp/>dropdown-toggle&apos;<sp/>data-toggle=&apos;dropdown&apos;<sp/>role=&apos;button&apos;<sp/>aria-haspopup=&apos;true&apos;&quot;</highlight><highlight class="normal">);</highlight></codeline>
<codeline lineno="112"><highlight class="normal"><sp/><sp/><sp/><sp/><sp/><sp/><sp/><sp/><sp/><sp/><sp/><sp/>out.println(</highlight><highlight class="stringliteral">&quot;aria-expanded=&apos;false&apos;&gt;Pages&lt;/a&gt;&quot;</highlight><highlight class="normal">);</highlight></codeline>
<codeline lineno="113"><highlight class="normal"><sp/><sp/><sp/><sp/><sp/><sp/><sp/><sp/><sp/><sp/><sp/><sp/>out.println(</highlight><highlight class="stringliteral">&quot;&lt;ul<sp/>class=&apos;dropdown-menu&apos;&gt;&quot;</highlight><highlight class="normal">);</highlight></codeline>
<codeline lineno="114"><highlight class="normal"><sp/><sp/><sp/><sp/><sp/><sp/><sp/><sp/><sp/><sp/><sp/><sp/>out.println(</highlight><highlight class="stringliteral">&quot;&lt;li<sp/>class=&apos;nav-item&apos;&gt;&lt;a<sp/>class=&apos;nav-link&apos;<sp/>href=&apos;login.html&apos;&gt;Login&lt;/a&gt;&lt;/li&gt;&quot;</highlight><highlight class="normal">);</highlight></codeline>
<codeline lineno="115"><highlight class="normal"><sp/><sp/><sp/><sp/><sp/><sp/><sp/><sp/><sp/><sp/><sp/><sp/>out.println(</highlight><highlight class="stringliteral">&quot;&lt;li<sp/>class=&apos;nav-item&apos;&gt;&lt;a<sp/>class=&apos;nav-link&apos;<sp/>href=&apos;register.html&apos;&gt;Register&lt;/a&gt;&lt;/li&gt;&quot;</highlight><highlight class="normal">);</highlight></codeline>
<codeline lineno="116"><highlight class="normal"><sp/><sp/><sp/><sp/><sp/><sp/><sp/><sp/><sp/><sp/><sp/><sp/>out.println(</highlight><highlight class="stringliteral">&quot;&lt;li<sp/>class=&apos;nav-item&apos;&gt;&lt;a<sp/>class=&apos;nav-link&apos;<sp/>href=&apos;tracking-order.html&apos;&gt;Tracking&lt;/a&gt;&lt;/li&gt;&quot;</highlight><highlight class="normal">);</highlight></codeline>
<codeline lineno="117"><highlight class="normal"><sp/><sp/><sp/><sp/><sp/><sp/><sp/><sp/><sp/><sp/><sp/><sp/>out.println(</highlight><highlight class="stringliteral">&quot;&lt;/ul&gt;&quot;</highlight><highlight class="normal">);</highlight></codeline>
<codeline lineno="118"><highlight class="normal"><sp/><sp/><sp/><sp/><sp/><sp/><sp/><sp/><sp/><sp/><sp/><sp/>out.println(</highlight><highlight class="stringliteral">&quot;&lt;/li&gt;&quot;</highlight><highlight class="normal">);</highlight></codeline>
<codeline lineno="119"><highlight class="normal"><sp/><sp/><sp/><sp/><sp/><sp/><sp/><sp/><sp/><sp/><sp/><sp/>out.println(</highlight><highlight class="stringliteral">&quot;&lt;li<sp/>class=&apos;nav-item&apos;&gt;&lt;a<sp/>class=&apos;nav-link&apos;<sp/>href=&apos;contact.html&apos;&gt;Contact&lt;/a&gt;&lt;/li&gt;&quot;</highlight><highlight class="normal">);</highlight></codeline>
<codeline lineno="120"><highlight class="normal"><sp/><sp/><sp/><sp/><sp/><sp/><sp/><sp/><sp/><sp/><sp/><sp/>out.println(</highlight><highlight class="stringliteral">&quot;&lt;/ul&gt;&quot;</highlight><highlight class="normal">);</highlight></codeline>
<codeline lineno="121"><highlight class="normal"><sp/><sp/><sp/><sp/><sp/><sp/><sp/><sp/><sp/><sp/><sp/><sp/>out.println(</highlight><highlight class="stringliteral">&quot;&lt;ul<sp/>class=&apos;nav-shop&apos;&gt;&quot;</highlight><highlight class="normal">);</highlight></codeline>
<codeline lineno="122"><highlight class="normal"><sp/><sp/><sp/><sp/><sp/><sp/><sp/><sp/><sp/><sp/><sp/><sp/>out.println(</highlight><highlight class="stringliteral">&quot;&lt;li<sp/>class=&apos;nav-item&apos;&gt;&lt;button&gt;&lt;i<sp/>class=&apos;ti-search&apos;&gt;&lt;/i&gt;&lt;/button&gt;&lt;/li&gt;&quot;</highlight><highlight class="normal">);</highlight></codeline>
<codeline lineno="123"><highlight class="normal"><sp/><sp/><sp/><sp/><sp/><sp/><sp/><sp/><sp/><sp/><sp/><sp/>out.println(</highlight><highlight class="stringliteral">&quot;&lt;li<sp/>class=&apos;nav-item&apos;&gt;&lt;button&gt;&lt;i<sp/>class=&apos;ti-shopping-cart&apos;&gt;&lt;/i&gt;&lt;span<sp/>class=&apos;nav-shop__circle&apos;&gt;3&lt;/span&gt;&lt;/button&gt;<sp/>&lt;/li&gt;&quot;</highlight><highlight class="normal">);</highlight></codeline>
<codeline lineno="124"><highlight class="normal"><sp/><sp/><sp/><sp/><sp/><sp/><sp/><sp/><sp/><sp/><sp/><sp/>out.println(</highlight><highlight class="stringliteral">&quot;&lt;li<sp/>class=&apos;nav-item&apos;&gt;&lt;a<sp/>class=&apos;button<sp/>button-header&apos;<sp/>href=&apos;#&apos;&gt;Buy<sp/>Now&lt;/a&gt;&lt;/li&gt;&quot;</highlight><highlight class="normal">);</highlight></codeline>
<codeline lineno="125"><highlight class="normal"><sp/><sp/><sp/><sp/><sp/><sp/><sp/><sp/><sp/><sp/><sp/><sp/>out.println(</highlight><highlight class="stringliteral">&quot;&lt;/ul&gt;&quot;</highlight><highlight class="normal">);</highlight></codeline>
<codeline lineno="126"><highlight class="normal"><sp/><sp/><sp/><sp/><sp/><sp/><sp/><sp/><sp/><sp/><sp/><sp/>out.println(</highlight><highlight class="stringliteral">&quot;&lt;/div&gt;&quot;</highlight><highlight class="normal">);</highlight></codeline>
<codeline lineno="127"><highlight class="normal"><sp/><sp/><sp/><sp/><sp/><sp/><sp/><sp/><sp/><sp/><sp/><sp/>out.println(</highlight><highlight class="stringliteral">&quot;&lt;/div&gt;&quot;</highlight><highlight class="normal">);</highlight></codeline>
<codeline lineno="128"><highlight class="normal"><sp/><sp/><sp/><sp/><sp/><sp/><sp/><sp/><sp/><sp/><sp/><sp/>out.println(</highlight><highlight class="stringliteral">&quot;&lt;/nav&gt;&quot;</highlight><highlight class="normal">);</highlight></codeline>
<codeline lineno="129"><highlight class="normal"><sp/><sp/><sp/><sp/><sp/><sp/><sp/><sp/><sp/><sp/><sp/><sp/>out.println(</highlight><highlight class="stringliteral">&quot;&lt;/div&gt;&quot;</highlight><highlight class="normal">);</highlight></codeline>
<codeline lineno="130"><highlight class="normal"><sp/><sp/><sp/><sp/><sp/><sp/><sp/><sp/><sp/><sp/><sp/><sp/>out.println(</highlight><highlight class="stringliteral">&quot;&lt;/header&gt;&quot;</highlight><highlight class="normal">);</highlight></codeline>
<codeline lineno="131"><highlight class="normal"><sp/><sp/><sp/><sp/><sp/><sp/><sp/><sp/><sp/><sp/><sp/><sp/>out.println(</highlight><highlight class="stringliteral">&quot;&lt;div<sp/>class=&apos;container&apos;&gt;&quot;</highlight><highlight class="normal">);</highlight></codeline>
<codeline lineno="132"><highlight class="normal"><sp/><sp/><sp/><sp/><sp/><sp/><sp/><sp/><sp/><sp/><sp/><sp/>out.println(</highlight><highlight class="stringliteral">&quot;&lt;div<sp/>class=&apos;row&apos;&gt;&quot;</highlight><highlight class="normal">);</highlight></codeline>
<codeline lineno="133"><highlight class="normal"><sp/><sp/><sp/><sp/><sp/><sp/><sp/><sp/><sp/><sp/><sp/><sp/></highlight><highlight class="comment">//Adding<sp/>product<sp/>one<sp/>by<sp/>one</highlight><highlight class="normal"></highlight></codeline>
<codeline lineno="134"><highlight class="normal"><sp/><sp/><sp/><sp/><sp/><sp/><sp/><sp/><sp/><sp/><sp/><sp/><sp/></highlight><highlight class="keywordflow">for</highlight><highlight class="normal"><sp/>(<ref refid="class_product" kindref="compound">Product</ref><sp/>s:<sp/>list)</highlight></codeline>
<codeline lineno="135"><highlight class="normal"><sp/><sp/><sp/><sp/><sp/><sp/><sp/><sp/><sp/><sp/><sp/><sp/>{</highlight></codeline>
<codeline lineno="136"><highlight class="normal"><sp/><sp/><sp/><sp/><sp/><sp/><sp/><sp/><sp/><sp/><sp/><sp/></highlight></codeline>
<codeline lineno="137"><highlight class="normal"><sp/><sp/><sp/><sp/><sp/><sp/><sp/><sp/><sp/><sp/><sp/><sp/>out.println(</highlight><highlight class="stringliteral">&quot;&lt;div<sp/>class=&apos;col-md-4&apos;&gt;&quot;</highlight><highlight class="normal">);</highlight></codeline>
<codeline lineno="138"><highlight class="normal"><sp/><sp/><sp/><sp/><sp/><sp/><sp/><sp/><sp/><sp/><sp/><sp/>out.println(</highlight><highlight class="stringliteral">&quot;&lt;div<sp/>class=&apos;product-item&apos;&gt;&quot;</highlight><highlight class="normal">);</highlight></codeline>
<codeline lineno="139"><highlight class="normal"><sp/><sp/><sp/><sp/><sp/><sp/><sp/><sp/><sp/><sp/><sp/><sp/>out.println(</highlight><highlight class="stringliteral">&quot;&lt;div<sp/>class=&apos;pi-img-wrapper&apos;&gt;&quot;</highlight><highlight class="normal">);</highlight></codeline>
<codeline lineno="140"><highlight class="normal"><sp/><sp/><sp/><sp/><sp/><sp/><sp/><sp/><sp/><sp/><sp/><sp/>out.println(</highlight><highlight class="stringliteral">&quot;&lt;img<sp/>src=&apos;&quot;</highlight><highlight class="normal"><sp/>+<sp/><sp/>Paths.get(s.getPicture())<sp/>+<sp/></highlight><highlight class="stringliteral">&quot;&apos;<sp/>class=&apos;img-responsive&apos;<sp/>height=\&quot;650\&quot;<sp/>width=\&quot;300\&quot;<sp/>alt=&apos;Berry<sp/>Lace<sp/>Dress&apos;&gt;&quot;</highlight><highlight class="normal">);</highlight></codeline>
<codeline lineno="141"><highlight class="normal"><sp/><sp/><sp/><sp/><sp/><sp/><sp/><sp/><sp/><sp/><sp/><sp/>out.println(</highlight><highlight class="stringliteral">&quot;&lt;div&gt;&quot;</highlight><highlight class="normal">);</highlight></codeline>
<codeline lineno="142"><highlight class="normal"><sp/><sp/><sp/><sp/><sp/><sp/><sp/><sp/><sp/><sp/><sp/><sp/>out.println(</highlight><highlight class="stringliteral">&quot;&lt;a<sp/>href=&apos;ProductDetailsServlet&apos;<sp/>class=&apos;btn&apos;&gt;View&lt;/a&gt;&quot;</highlight><highlight class="normal">);</highlight></codeline>
<codeline lineno="143"><highlight class="normal"><sp/><sp/><sp/><sp/><sp/><sp/><sp/><sp/><sp/><sp/><sp/><sp/>out.println(</highlight><highlight class="stringliteral">&quot;&lt;/div&gt;&quot;</highlight><highlight class="normal">);</highlight></codeline>
<codeline lineno="144"><highlight class="normal"><sp/><sp/><sp/><sp/><sp/><sp/><sp/><sp/><sp/><sp/><sp/><sp/>out.println(</highlight><highlight class="stringliteral">&quot;&lt;/div&gt;&quot;</highlight><highlight class="normal">);</highlight></codeline>
<codeline lineno="145"><highlight class="normal"><sp/><sp/><sp/><sp/><sp/><sp/><sp/><sp/><sp/><sp/><sp/><sp/>out.println(</highlight><highlight class="stringliteral">&quot;&lt;h3&gt;&lt;a<sp/>href=&apos;shop-item.html&apos;&gt;&quot;</highlight><highlight class="normal"><sp/>+<sp/>s.getName()<sp/>+<sp/></highlight><highlight class="stringliteral">&quot;&lt;/a&gt;&lt;/h3&gt;&quot;</highlight><highlight class="normal">);</highlight></codeline>
<codeline lineno="146"><highlight class="normal"><sp/><sp/><sp/><sp/><sp/><sp/><sp/><sp/><sp/><sp/><sp/><sp/>out.println(</highlight><highlight class="stringliteral">&quot;&lt;div<sp/>class=&apos;pi-price&apos;&gt;$&quot;</highlight><highlight class="normal"><sp/>+<sp/>s.getPrice()<sp/>+<sp/></highlight><highlight class="stringliteral">&quot;&lt;/div&gt;&quot;</highlight><highlight class="normal">);</highlight></codeline>
<codeline lineno="147"><highlight class="normal"><sp/><sp/><sp/><sp/><sp/><sp/><sp/><sp/><sp/><sp/><sp/><sp/>out.println(</highlight><highlight class="stringliteral">&quot;&lt;a<sp/>href=&apos;CartServlet?pid=&quot;</highlight><highlight class="normal">+<sp/>String.valueOf(s.getId())<sp/>+<sp/></highlight><highlight class="stringliteral">&quot;&apos;<sp/>class=&apos;btn<sp/>add2cart&apos;&gt;Add<sp/>to<sp/>cart&lt;/a&gt;&quot;</highlight><highlight class="normal">);</highlight></codeline>
<codeline lineno="148"><highlight class="normal"><sp/><sp/><sp/><sp/><sp/><sp/><sp/><sp/><sp/><sp/><sp/><sp/>System.out.println(s.getId());</highlight></codeline>
<codeline lineno="149"><highlight class="normal"><sp/><sp/><sp/><sp/><sp/><sp/><sp/><sp/><sp/><sp/><sp/><sp/>out.println(</highlight><highlight class="stringliteral">&quot;&lt;div<sp/>class=&apos;sticker<sp/>sticker-new&apos;&gt;&lt;/div&gt;&quot;</highlight><highlight class="normal">);</highlight></codeline>
<codeline lineno="150"><highlight class="normal"><sp/><sp/><sp/><sp/><sp/><sp/><sp/><sp/><sp/><sp/><sp/><sp/>out.println(</highlight><highlight class="stringliteral">&quot;&lt;/div&gt;&quot;</highlight><highlight class="normal">);</highlight></codeline>
<codeline lineno="151"><highlight class="normal"><sp/><sp/><sp/><sp/><sp/><sp/><sp/><sp/><sp/><sp/><sp/><sp/>out.println(</highlight><highlight class="stringliteral">&quot;&lt;/div&gt;&quot;</highlight><highlight class="normal">);</highlight></codeline>
<codeline lineno="152"><highlight class="normal"><sp/><sp/><sp/><sp/><sp/><sp/><sp/><sp/><sp/><sp/><sp/><sp/>}</highlight></codeline>
<codeline lineno="153"><highlight class="normal"><sp/><sp/><sp/><sp/><sp/><sp/><sp/><sp/><sp/><sp/><sp/><sp/>out.println(</highlight><highlight class="stringliteral">&quot;&lt;/div&gt;&quot;</highlight><highlight class="normal">);</highlight></codeline>
<codeline lineno="154"><highlight class="normal"><sp/><sp/><sp/><sp/><sp/><sp/><sp/><sp/><sp/><sp/><sp/><sp/>out.println(</highlight><highlight class="stringliteral">&quot;&lt;/div&gt;&quot;</highlight><highlight class="normal">);</highlight></codeline>
<codeline lineno="155"><highlight class="normal"><sp/><sp/><sp/><sp/><sp/><sp/><sp/><sp/><sp/><sp/><sp/><sp/>out.println(</highlight><highlight class="stringliteral">&quot;&lt;br&gt;&quot;</highlight><highlight class="normal">);</highlight></codeline>
<codeline lineno="156"><highlight class="normal"><sp/><sp/><sp/><sp/><sp/><sp/><sp/><sp/><sp/><sp/><sp/><sp/>out.println(</highlight><highlight class="stringliteral">&quot;&lt;br&gt;&quot;</highlight><highlight class="normal">);</highlight></codeline>
<codeline lineno="157"><highlight class="normal"><sp/><sp/><sp/><sp/><sp/><sp/><sp/><sp/><sp/><sp/><sp/><sp/>out.println(</highlight><highlight class="stringliteral">&quot;&lt;center&gt;&quot;</highlight><highlight class="normal">);</highlight></codeline>
<codeline lineno="158"><highlight class="normal"><sp/><sp/><sp/><sp/><sp/><sp/><sp/><sp/><sp/><sp/><sp/><sp/>out.println(</highlight><highlight class="stringliteral">&quot;&lt;strong&gt;Powered<sp/>by<sp/>&lt;a<sp/>href=&apos;http://j.mp/metronictheme&apos;<sp/>target=&apos;_blank&apos;&gt;KeenThemes&lt;/a&gt;&lt;/strong&gt;&quot;</highlight><highlight class="normal">);</highlight></codeline>
<codeline lineno="159"><highlight class="normal"><sp/><sp/><sp/><sp/><sp/><sp/><sp/><sp/><sp/><sp/><sp/><sp/>out.println(</highlight><highlight class="stringliteral">&quot;&lt;/center&gt;&quot;</highlight><highlight class="normal">);</highlight></codeline>
<codeline lineno="160"><highlight class="normal"><sp/><sp/><sp/><sp/><sp/><sp/><sp/><sp/><sp/><sp/><sp/><sp/>out.println(</highlight><highlight class="stringliteral">&quot;&lt;br&gt;&quot;</highlight><highlight class="normal">);</highlight></codeline>
<codeline lineno="161"><highlight class="normal"><sp/><sp/><sp/><sp/><sp/><sp/><sp/><sp/><sp/><sp/><sp/><sp/>out.println(</highlight><highlight class="stringliteral">&quot;&lt;br&gt;&quot;</highlight><highlight class="normal">);</highlight></codeline>
<codeline lineno="162"><highlight class="normal"><sp/><sp/><sp/><sp/><sp/><sp/><sp/><sp/><sp/><sp/><sp/><sp/>out.println(</highlight><highlight class="stringliteral">&quot;&lt;/body&gt;&quot;</highlight><highlight class="normal">);</highlight></codeline>
<codeline lineno="163"><highlight class="normal"><sp/><sp/><sp/><sp/><sp/><sp/><sp/><sp/><sp/><sp/><sp/><sp/>out.println(</highlight><highlight class="stringliteral">&quot;&lt;/html&gt;&quot;</highlight><highlight class="normal">);</highlight></codeline>
<codeline lineno="164"><highlight class="normal"></highlight></codeline>
<codeline lineno="165"><highlight class="normal"><sp/><sp/><sp/><sp/><sp/><sp/><sp/><sp/>}</highlight></codeline>
<codeline lineno="166"><highlight class="normal"><sp/><sp/><sp/><sp/>}</highlight></codeline>
<codeline lineno="167"><highlight class="normal"></highlight></codeline>
<codeline lineno="168"><highlight class="normal"><sp/><sp/><sp/><sp/></highlight><highlight class="comment">//<sp/>&lt;editor-fold<sp/>defaultstate=&quot;collapsed&quot;<sp/>desc=&quot;HttpServlet<sp/>methods.<sp/>Click<sp/>on<sp/>the<sp/>+<sp/>sign<sp/>on<sp/>the<sp/>left<sp/>to<sp/>edit<sp/>the<sp/>code.&quot;&gt;</highlight></codeline>
<codeline lineno="177"><highlight class="comment"></highlight><highlight class="normal"><sp/><sp/><sp/><sp/>@Override</highlight></codeline>
<codeline lineno="178" refid="class_product_servlet_1a257ee7ed299fc9a1cf2d1061b4051d99" refkind="member"><highlight class="normal"><sp/><sp/><sp/><sp/></highlight><highlight class="keyword">protected</highlight><highlight class="normal"><sp/></highlight><highlight class="keywordtype">void</highlight><highlight class="normal"><sp/><ref refid="class_product_servlet_1a257ee7ed299fc9a1cf2d1061b4051d99" kindref="member">doGet</ref>(HttpServletRequest<sp/>request,<sp/>HttpServletResponse<sp/>response)</highlight></codeline>
<codeline lineno="179"><highlight class="normal"><sp/><sp/><sp/><sp/><sp/><sp/><sp/><sp/><sp/><sp/><sp/><sp/></highlight><highlight class="keywordflow">throws</highlight><highlight class="normal"><sp/>ServletException,<sp/>IOException<sp/>{</highlight></codeline>
<codeline lineno="180"><highlight class="normal"><sp/><sp/><sp/><sp/><sp/><sp/><sp/><sp/><ref refid="class_product_servlet_1a748fbea7145fcb13f23bfb5a34bec99a" kindref="member">processRequest</ref>(request,<sp/>response);</highlight></codeline>
<codeline lineno="181"><highlight class="normal"><sp/><sp/><sp/><sp/>}</highlight></codeline>
<codeline lineno="182"><highlight class="normal"></highlight></codeline>
<codeline lineno="191"><highlight class="normal"><sp/><sp/><sp/><sp/>@Override</highlight></codeline>
<codeline lineno="192" refid="class_product_servlet_1a5dce61b053b3935394535410a9da3192" refkind="member"><highlight class="normal"><sp/><sp/><sp/><sp/></highlight><highlight class="keyword">protected</highlight><highlight class="normal"><sp/></highlight><highlight class="keywordtype">void</highlight><highlight class="normal"><sp/><ref refid="class_product_servlet_1a5dce61b053b3935394535410a9da3192" kindref="member">doPost</ref>(HttpServletRequest<sp/>request,<sp/>HttpServletResponse<sp/>response)</highlight></codeline>
<codeline lineno="193"><highlight class="normal"><sp/><sp/><sp/><sp/><sp/><sp/><sp/><sp/><sp/><sp/><sp/><sp/></highlight><highlight class="keywordflow">throws</highlight><highlight class="normal"><sp/>ServletException,<sp/>IOException<sp/>{</highlight></codeline>
<codeline lineno="194"><highlight class="normal"><sp/><sp/><sp/><sp/><sp/><sp/><sp/><sp/><ref refid="class_product_servlet_1a748fbea7145fcb13f23bfb5a34bec99a" kindref="member">processRequest</ref>(request,<sp/>response);</highlight></codeline>
<codeline lineno="195"><highlight class="normal"><sp/><sp/><sp/><sp/>}</highlight></codeline>
<codeline lineno="196"><highlight class="normal"></highlight></codeline>
<codeline lineno="202"><highlight class="normal"><sp/><sp/><sp/><sp/>@Override</highlight></codeline>
<codeline lineno="203" refid="class_product_servlet_1a1e34fde9a46b47c66c28f6e1b939757f" refkind="member"><highlight class="normal"><sp/><sp/><sp/><sp/></highlight><highlight class="keyword">public</highlight><highlight class="normal"><sp/>String<sp/><ref refid="class_product_servlet_1a1e34fde9a46b47c66c28f6e1b939757f" kindref="member">getServletInfo</ref>()<sp/>{</highlight></codeline>
<codeline lineno="204"><highlight class="normal"><sp/><sp/><sp/><sp/><sp/><sp/><sp/><sp/></highlight><highlight class="keywordflow">return</highlight><highlight class="normal"><sp/></highlight><highlight class="stringliteral">&quot;Short<sp/>description&quot;</highlight><highlight class="normal">;</highlight></codeline>
<codeline lineno="205"><highlight class="normal"><sp/><sp/><sp/><sp/>}</highlight><highlight class="comment">//<sp/>&lt;/editor-fold&gt;</highlight><highlight class="normal"></highlight></codeline>
<codeline lineno="206"><highlight class="normal"></highlight></codeline>
<codeline lineno="207"><highlight class="normal">}</highlight></codeline>
    </programlisting>
    <location file="src/java/ProductServlet.java"/>
  </compounddef>
</doxygen>
