<?xml version='1.0' encoding='UTF-8' standalone='no'?>
<doxygen xmlns:xsi="http://www.w3.org/2001/XMLSchema-instance" xsi:noNamespaceSchemaLocation="compound.xsd" version="1.8.15">
  <compounddef id="_product_details_servlet_8java" kind="file" language="Java">
    <compoundname>ProductDetailsServlet.java</compoundname>
    <innerclass refid="class_product_details_servlet" prot="public">ProductDetailsServlet</innerclass>
    <briefdescription>
    </briefdescription>
    <detaileddescription>
    </detaileddescription>
    <programlisting>
<codeline lineno="1"><highlight class="comment">/*</highlight></codeline>
<codeline lineno="2"><highlight class="comment"><sp/>*<sp/>To<sp/>change<sp/>this<sp/>license<sp/>header,<sp/>choose<sp/>License<sp/>Headers<sp/>in<sp/>Project<sp/>Properties.</highlight></codeline>
<codeline lineno="3"><highlight class="comment"><sp/>*<sp/>To<sp/>change<sp/>this<sp/>template<sp/>file,<sp/>choose<sp/>Tools<sp/>|<sp/>Templates</highlight></codeline>
<codeline lineno="4"><highlight class="comment"><sp/>*<sp/>and<sp/>open<sp/>the<sp/>template<sp/>in<sp/>the<sp/>editor.</highlight></codeline>
<codeline lineno="5"><highlight class="comment"><sp/>*/</highlight><highlight class="normal"></highlight></codeline>
<codeline lineno="6"><highlight class="normal"></highlight></codeline>
<codeline lineno="7"><highlight class="normal"></highlight><highlight class="keyword">import</highlight><highlight class="normal"><sp/>java.io.IOException;</highlight></codeline>
<codeline lineno="8"><highlight class="normal"></highlight><highlight class="keyword">import</highlight><highlight class="normal"><sp/>java.io.PrintWriter;</highlight></codeline>
<codeline lineno="9"><highlight class="normal"></highlight><highlight class="keyword">import</highlight><highlight class="normal"><sp/>java.rmi.registry.LocateRegistry;</highlight></codeline>
<codeline lineno="10"><highlight class="normal"></highlight><highlight class="keyword">import</highlight><highlight class="normal"><sp/>java.rmi.registry.Registry;</highlight></codeline>
<codeline lineno="11"><highlight class="normal"></highlight><highlight class="keyword">import</highlight><highlight class="normal"><sp/>java.util.ArrayList;</highlight></codeline>
<codeline lineno="12"><highlight class="normal"></highlight><highlight class="keyword">import</highlight><highlight class="normal"><sp/>java.util.List;</highlight></codeline>
<codeline lineno="13"><highlight class="normal"></highlight><highlight class="keyword">import</highlight><highlight class="normal"><sp/>javax.servlet.ServletException;</highlight></codeline>
<codeline lineno="14"><highlight class="normal"></highlight><highlight class="keyword">import</highlight><highlight class="normal"><sp/>javax.servlet.http.HttpServlet;</highlight></codeline>
<codeline lineno="15"><highlight class="normal"></highlight><highlight class="keyword">import</highlight><highlight class="normal"><sp/>javax.servlet.http.HttpServletRequest;</highlight></codeline>
<codeline lineno="16"><highlight class="normal"></highlight><highlight class="keyword">import</highlight><highlight class="normal"><sp/>javax.servlet.http.HttpServletResponse;</highlight></codeline>
<codeline lineno="17"><highlight class="normal"></highlight></codeline>
<codeline lineno="22" refid="class_product_details_servlet" refkind="compound"><highlight class="keyword">public</highlight><highlight class="normal"><sp/></highlight><highlight class="keyword">class<sp/></highlight><highlight class="normal"><ref refid="class_product_details_servlet" kindref="compound">ProductDetailsServlet</ref><sp/></highlight><highlight class="keyword">extends</highlight><highlight class="normal"><sp/>HttpServlet<sp/>{</highlight></codeline>
<codeline lineno="23"><highlight class="normal"></highlight></codeline>
<codeline lineno="33" refid="class_product_details_servlet_1a1da6975765e1785e6152905ec5fbcd2d" refkind="member"><highlight class="normal"><sp/><sp/><sp/><sp/></highlight><highlight class="keyword">protected</highlight><highlight class="normal"><sp/></highlight><highlight class="keywordtype">void</highlight><highlight class="normal"><sp/><ref refid="class_product_details_servlet_1a1da6975765e1785e6152905ec5fbcd2d" kindref="member">processRequest</ref>(HttpServletRequest<sp/>request,<sp/>HttpServletResponse<sp/>response)</highlight></codeline>
<codeline lineno="34"><highlight class="normal"><sp/><sp/><sp/><sp/><sp/><sp/><sp/><sp/><sp/><sp/><sp/><sp/></highlight><highlight class="keywordflow">throws</highlight><highlight class="normal"><sp/>ServletException,<sp/>IOException<sp/>{</highlight></codeline>
<codeline lineno="35"><highlight class="normal"><sp/><sp/><sp/><sp/><sp/><sp/><sp/><sp/>response.setContentType(</highlight><highlight class="stringliteral">&quot;text/html;charset=UTF-8&quot;</highlight><highlight class="normal">);</highlight></codeline>
<codeline lineno="36"><highlight class="normal"><sp/><sp/><sp/><sp/><sp/><sp/><sp/><sp/>List&lt;Product&gt;<sp/>list<sp/>=<sp/></highlight><highlight class="keyword">new</highlight><highlight class="normal"><sp/>ArrayList&lt;&gt;();</highlight></codeline>
<codeline lineno="37"><highlight class="normal"><sp/><sp/><sp/><sp/><sp/><sp/><sp/><sp/></highlight><highlight class="keywordflow">try</highlight><highlight class="normal">{</highlight></codeline>
<codeline lineno="38"><highlight class="normal"><sp/><sp/><sp/><sp/><sp/><sp/><sp/><sp/><sp/><sp/><sp/><sp/>Registry<sp/>registry<sp/>=<sp/>LocateRegistry.getRegistry(40001);</highlight></codeline>
<codeline lineno="39"><highlight class="normal"><sp/><sp/><sp/><sp/><sp/><sp/><sp/><sp/><sp/><sp/><sp/><sp/><ref refid="interface_customer_interface" kindref="compound">CustomerInterface</ref><sp/>stub<sp/>=<sp/>(<ref refid="interface_customer_interface" kindref="compound">CustomerInterface</ref>)<sp/>registry.lookup(</highlight><highlight class="stringliteral">&quot;Customer&quot;</highlight><highlight class="normal">);</highlight></codeline>
<codeline lineno="40"><highlight class="normal"><sp/><sp/><sp/><sp/><sp/><sp/><sp/><sp/><sp/><sp/><sp/><sp/></highlight><highlight class="comment">//<sp/>Calling<sp/>the<sp/>remote<sp/>method<sp/>using<sp/>the<sp/>obtained<sp/>object<sp/></highlight><highlight class="normal"></highlight></codeline>
<codeline lineno="41"><highlight class="normal"><sp/><sp/><sp/><sp/><sp/><sp/><sp/><sp/><sp/><sp/><sp/><sp/><sp/>list<sp/>=<sp/>(List)stub.<ref refid="interface_customer_interface_1a671bbfd3dfb9bbc58d3c9d04f38da627" kindref="member">getProduct</ref>();<sp/></highlight></codeline>
<codeline lineno="42"><highlight class="normal"><sp/><sp/><sp/><sp/><sp/><sp/><sp/><sp/><sp/><sp/></highlight><highlight class="comment">//<sp/><sp/>fromServer<sp/>=<sp/>stub.sayHello(&quot;Oishee&quot;);</highlight><highlight class="normal"></highlight></codeline>
<codeline lineno="43"><highlight class="normal"><sp/><sp/><sp/><sp/><sp/><sp/><sp/><sp/><sp/></highlight><highlight class="comment">//<sp/><sp/><sp/><sp/><sp/>fromServer<sp/>=<sp/>stub.getProduct();</highlight><highlight class="normal"></highlight></codeline>
<codeline lineno="44"><highlight class="normal"><sp/><sp/><sp/><sp/><sp/><sp/><sp/><sp/><sp/><sp/><sp/>System.out.println(</highlight><highlight class="stringliteral">&quot;Fname:<sp/>&quot;</highlight><highlight class="normal">);<sp/></highlight></codeline>
<codeline lineno="45"><highlight class="normal"><sp/><sp/><sp/><sp/><sp/><sp/><sp/><sp/><sp/><sp/><sp/></highlight><highlight class="keywordflow">for</highlight><highlight class="normal"><sp/>(<ref refid="class_product" kindref="compound">Product</ref><sp/>s:<sp/>list){<sp/></highlight></codeline>
<codeline lineno="46"><highlight class="normal"><sp/><sp/><sp/><sp/><sp/><sp/><sp/><sp/><sp/><sp/><sp/><sp/>System.out.println(</highlight><highlight class="stringliteral">&quot;Fname:<sp/>&quot;</highlight><highlight class="normal"><sp/>+s.getPicture());<sp/></highlight></codeline>
<codeline lineno="47"><highlight class="normal"><sp/><sp/><sp/><sp/><sp/><sp/><sp/><sp/><sp/><sp/><sp/><sp/>}<sp/><sp/></highlight></codeline>
<codeline lineno="48"><highlight class="normal"><sp/><sp/><sp/><sp/><sp/><sp/><sp/><sp/><sp/><sp/><sp/></highlight></codeline>
<codeline lineno="49"><highlight class="normal"><sp/><sp/><sp/><sp/><sp/><sp/><sp/><sp/><sp/><sp/></highlight></codeline>
<codeline lineno="50"><highlight class="normal"><sp/><sp/><sp/><sp/><sp/><sp/><sp/><sp/>}</highlight><highlight class="keywordflow">catch</highlight><highlight class="normal">(Exception<sp/>ex)</highlight></codeline>
<codeline lineno="51"><highlight class="normal"><sp/><sp/><sp/><sp/><sp/><sp/><sp/><sp/>{</highlight></codeline>
<codeline lineno="52"><highlight class="normal"><sp/><sp/><sp/><sp/><sp/><sp/><sp/><sp/><sp/><sp/><sp/><sp/>ex.printStackTrace();</highlight></codeline>
<codeline lineno="53"><highlight class="normal"><sp/><sp/><sp/><sp/><sp/><sp/><sp/><sp/>}</highlight></codeline>
<codeline lineno="54"><highlight class="normal"><sp/><sp/><sp/><sp/><sp/><sp/><sp/><sp/></highlight><highlight class="keywordflow">try</highlight><highlight class="normal"><sp/>(PrintWriter<sp/>out<sp/>=<sp/>response.getWriter())<sp/>{</highlight></codeline>
<codeline lineno="55"><highlight class="normal"><sp/><sp/><sp/><sp/><sp/><sp/><sp/><sp/><sp/><sp/><sp/><sp/></highlight><highlight class="comment">/*<sp/>TODO<sp/>output<sp/>your<sp/>page<sp/>here.<sp/>You<sp/>may<sp/>use<sp/>following<sp/>sample<sp/>code.<sp/>*/</highlight><highlight class="normal"></highlight></codeline>
<codeline lineno="56"><highlight class="normal"><sp/><sp/><sp/><sp/><sp/><sp/><sp/><sp/><sp/><sp/><sp/><sp/>out.println(</highlight><highlight class="stringliteral">&quot;&lt;!DOCTYPE<sp/>html&gt;&quot;</highlight><highlight class="normal">);</highlight></codeline>
<codeline lineno="57"><highlight class="normal"><sp/><sp/><sp/><sp/><sp/><sp/><sp/><sp/><sp/><sp/><sp/><sp/>out.println(</highlight><highlight class="stringliteral">&quot;&lt;html<sp/>lang=&apos;en&apos;&gt;&quot;</highlight><highlight class="normal">);</highlight></codeline>
<codeline lineno="58"><highlight class="normal"><sp/><sp/><sp/><sp/><sp/><sp/><sp/><sp/><sp/><sp/><sp/><sp/>out.println(</highlight><highlight class="stringliteral">&quot;&lt;head&gt;&quot;</highlight><highlight class="normal">);</highlight></codeline>
<codeline lineno="59"><highlight class="normal"><sp/><sp/><sp/><sp/><sp/><sp/><sp/><sp/><sp/><sp/><sp/><sp/>out.println(</highlight><highlight class="stringliteral">&quot;&lt;meta<sp/>charset=&apos;UTF-8&apos;&gt;&quot;</highlight><highlight class="normal">);</highlight></codeline>
<codeline lineno="60"><highlight class="normal"><sp/><sp/><sp/><sp/><sp/><sp/><sp/><sp/><sp/><sp/><sp/><sp/>out.println(</highlight><highlight class="stringliteral">&quot;&lt;meta<sp/>name=&apos;viewport&apos;<sp/>content=&apos;width=device-width,<sp/>initial-scale=1.0&apos;&gt;&quot;</highlight><highlight class="normal">);</highlight></codeline>
<codeline lineno="61"><highlight class="normal"><sp/><sp/><sp/><sp/><sp/><sp/><sp/><sp/><sp/><sp/><sp/><sp/>out.println(</highlight><highlight class="stringliteral">&quot;&lt;meta<sp/>http-equiv=&apos;X-UA-Compatible&apos;<sp/>content=&apos;ie=edge&apos;&gt;&quot;</highlight><highlight class="normal">);</highlight></codeline>
<codeline lineno="62"><highlight class="normal"><sp/><sp/><sp/><sp/><sp/><sp/><sp/><sp/><sp/><sp/><sp/><sp/>out.println(</highlight><highlight class="stringliteral">&quot;&lt;title&gt;Aroma<sp/>Shop<sp/>-<sp/>Product<sp/>Details&lt;/title&gt;&quot;</highlight><highlight class="normal">);</highlight></codeline>
<codeline lineno="63"><highlight class="normal"><sp/><sp/><sp/><sp/><sp/><sp/><sp/><sp/><sp/><sp/><sp/><sp/>out.println(</highlight><highlight class="stringliteral">&quot;&lt;link<sp/>rel=&apos;icon&apos;<sp/>href=&apos;img/Fevicon.png&apos;<sp/>type=&apos;image/png&apos;&gt;&quot;</highlight><highlight class="normal">);</highlight></codeline>
<codeline lineno="64"><highlight class="normal"><sp/><sp/><sp/><sp/><sp/><sp/><sp/><sp/><sp/><sp/><sp/><sp/>out.println(</highlight><highlight class="stringliteral">&quot;&lt;link<sp/>rel=&apos;stylesheet&apos;<sp/>href=&apos;vendors/bootstrap/bootstrap.min.css&apos;&gt;&quot;</highlight><highlight class="normal">);</highlight></codeline>
<codeline lineno="65"><highlight class="normal"><sp/><sp/><sp/><sp/><sp/><sp/><sp/><sp/><sp/><sp/><sp/><sp/>out.println(</highlight><highlight class="stringliteral">&quot;&lt;link<sp/>rel=&apos;stylesheet&apos;<sp/>href=&apos;vendors/fontawesome/css/all.min.css&apos;&gt;&quot;</highlight><highlight class="normal">);</highlight></codeline>
<codeline lineno="66"><highlight class="normal"><sp/><sp/><sp/><sp/><sp/><sp/><sp/><sp/><sp/><sp/><sp/><sp/>out.println(</highlight><highlight class="stringliteral">&quot;&lt;link<sp/>rel=&apos;stylesheet&apos;<sp/>href=&apos;vendors/themify-icons/themify-icons.css&apos;&gt;&quot;</highlight><highlight class="normal">);</highlight></codeline>
<codeline lineno="67"><highlight class="normal"><sp/><sp/><sp/><sp/><sp/><sp/><sp/><sp/><sp/><sp/><sp/><sp/>out.println(</highlight><highlight class="stringliteral">&quot;&lt;link<sp/>rel=&apos;stylesheet&apos;<sp/>href=&apos;vendors/linericon/style.css&apos;&gt;&quot;</highlight><highlight class="normal">);</highlight></codeline>
<codeline lineno="68"><highlight class="normal"><sp/><sp/><sp/><sp/><sp/><sp/><sp/><sp/><sp/><sp/><sp/><sp/>out.println(</highlight><highlight class="stringliteral">&quot;&lt;link<sp/>rel=&apos;stylesheet&apos;<sp/>href=&apos;vendors/nice-select/nice-select.css&apos;&gt;&quot;</highlight><highlight class="normal">);</highlight></codeline>
<codeline lineno="69"><highlight class="normal"><sp/><sp/><sp/><sp/><sp/><sp/><sp/><sp/><sp/><sp/><sp/><sp/>out.println(</highlight><highlight class="stringliteral">&quot;&lt;link<sp/>rel=&apos;stylesheet&apos;<sp/>href=&apos;vendors/owl-carousel/owl.theme.default.min.css&apos;&gt;&quot;</highlight><highlight class="normal">);</highlight></codeline>
<codeline lineno="70"><highlight class="normal"><sp/><sp/><sp/><sp/><sp/><sp/><sp/><sp/><sp/><sp/><sp/><sp/>out.println(</highlight><highlight class="stringliteral">&quot;&lt;link<sp/>rel=&apos;stylesheet&apos;<sp/>href=&apos;vendors/owl-carousel/owl.carousel.min.css&apos;&gt;&quot;</highlight><highlight class="normal">);</highlight></codeline>
<codeline lineno="71"><highlight class="normal"><sp/><sp/><sp/><sp/><sp/><sp/><sp/><sp/><sp/><sp/><sp/><sp/>out.println(</highlight><highlight class="stringliteral">&quot;&quot;</highlight><highlight class="normal">);</highlight></codeline>
<codeline lineno="72"><highlight class="normal"><sp/><sp/><sp/><sp/><sp/><sp/><sp/><sp/><sp/><sp/><sp/><sp/>out.println(</highlight><highlight class="stringliteral">&quot;&lt;link<sp/>rel=&apos;stylesheet&apos;<sp/>href=&apos;css/style.css&apos;&gt;&quot;</highlight><highlight class="normal">);</highlight></codeline>
<codeline lineno="73"><highlight class="normal"><sp/><sp/><sp/><sp/><sp/><sp/><sp/><sp/><sp/><sp/><sp/><sp/>out.println(</highlight><highlight class="stringliteral">&quot;&lt;/head&gt;&quot;</highlight><highlight class="normal">);</highlight></codeline>
<codeline lineno="74"><highlight class="normal"><sp/><sp/><sp/><sp/><sp/><sp/><sp/><sp/><sp/><sp/><sp/><sp/>out.println(</highlight><highlight class="stringliteral">&quot;&lt;body&gt;&quot;</highlight><highlight class="normal">);</highlight></codeline>
<codeline lineno="75"><highlight class="normal"><sp/><sp/><sp/><sp/><sp/><sp/><sp/><sp/><sp/><sp/><sp/><sp/>out.println(</highlight><highlight class="stringliteral">&quot;&lt;!--================<sp/>Start<sp/>Header<sp/>Menu<sp/>Area<sp/>=================--&gt;&quot;</highlight><highlight class="normal">);</highlight></codeline>
<codeline lineno="76"><highlight class="normal"><sp/><sp/><sp/><sp/><sp/><sp/><sp/><sp/><sp/><sp/><sp/><sp/>out.println(</highlight><highlight class="stringliteral">&quot;&lt;header<sp/>class=&apos;header_area&apos;&gt;&quot;</highlight><highlight class="normal">);</highlight></codeline>
<codeline lineno="77"><highlight class="normal"><sp/><sp/><sp/><sp/><sp/><sp/><sp/><sp/><sp/><sp/><sp/><sp/>out.println(</highlight><highlight class="stringliteral">&quot;&lt;div<sp/>class=&apos;main_menu&apos;&gt;&quot;</highlight><highlight class="normal">);</highlight></codeline>
<codeline lineno="78"><highlight class="normal"><sp/><sp/><sp/><sp/><sp/><sp/><sp/><sp/><sp/><sp/><sp/><sp/>out.println(</highlight><highlight class="stringliteral">&quot;&lt;nav<sp/>class=&apos;navbar<sp/>navbar-expand-lg<sp/>navbar-light&apos;&gt;&quot;</highlight><highlight class="normal">);</highlight></codeline>
<codeline lineno="79"><highlight class="normal"><sp/><sp/><sp/><sp/><sp/><sp/><sp/><sp/><sp/><sp/><sp/><sp/>out.println(</highlight><highlight class="stringliteral">&quot;&lt;div<sp/>class=&apos;container&apos;&gt;&quot;</highlight><highlight class="normal">);</highlight></codeline>
<codeline lineno="80"><highlight class="normal"><sp/><sp/><sp/><sp/><sp/><sp/><sp/><sp/><sp/><sp/><sp/><sp/>out.println(</highlight><highlight class="stringliteral">&quot;&lt;a<sp/>class=&apos;navbar-brand<sp/>logo_h&apos;<sp/>href=&apos;index.html&apos;&gt;&lt;img<sp/>src=&apos;img/logo.png&apos;<sp/>alt=&apos;&apos;&gt;&lt;/a&gt;&quot;</highlight><highlight class="normal">);</highlight></codeline>
<codeline lineno="81"><highlight class="normal"><sp/><sp/><sp/><sp/><sp/><sp/><sp/><sp/><sp/><sp/><sp/><sp/>out.println(</highlight><highlight class="stringliteral">&quot;&lt;button<sp/>class=&apos;navbar-toggler&apos;<sp/>type=&apos;button&apos;<sp/>data-toggle=&apos;collapse&apos;<sp/>data-target=&apos;#navbarSupportedContent&apos;&quot;</highlight><highlight class="normal">);</highlight></codeline>
<codeline lineno="82"><highlight class="normal"><sp/><sp/><sp/><sp/><sp/><sp/><sp/><sp/><sp/><sp/><sp/><sp/>out.println(</highlight><highlight class="stringliteral">&quot;aria-controls=&apos;navbarSupportedContent&apos;<sp/>aria-expanded=&apos;false&apos;<sp/>aria-label=&apos;Toggle<sp/>navigation&apos;&gt;&quot;</highlight><highlight class="normal">);</highlight></codeline>
<codeline lineno="83"><highlight class="normal"><sp/><sp/><sp/><sp/><sp/><sp/><sp/><sp/><sp/><sp/><sp/><sp/>out.println(</highlight><highlight class="stringliteral">&quot;&lt;span<sp/>class=&apos;icon-bar&apos;&gt;&lt;/span&gt;&quot;</highlight><highlight class="normal">);</highlight></codeline>
<codeline lineno="84"><highlight class="normal"><sp/><sp/><sp/><sp/><sp/><sp/><sp/><sp/><sp/><sp/><sp/><sp/>out.println(</highlight><highlight class="stringliteral">&quot;&lt;span<sp/>class=&apos;icon-bar&apos;&gt;&lt;/span&gt;&quot;</highlight><highlight class="normal">);</highlight></codeline>
<codeline lineno="85"><highlight class="normal"><sp/><sp/><sp/><sp/><sp/><sp/><sp/><sp/><sp/><sp/><sp/><sp/>out.println(</highlight><highlight class="stringliteral">&quot;&lt;span<sp/>class=&apos;icon-bar&apos;&gt;&lt;/span&gt;&quot;</highlight><highlight class="normal">);</highlight></codeline>
<codeline lineno="86"><highlight class="normal"><sp/><sp/><sp/><sp/><sp/><sp/><sp/><sp/><sp/><sp/><sp/><sp/>out.println(</highlight><highlight class="stringliteral">&quot;&lt;/button&gt;&quot;</highlight><highlight class="normal">);</highlight></codeline>
<codeline lineno="87"><highlight class="normal"><sp/><sp/><sp/><sp/><sp/><sp/><sp/><sp/><sp/><sp/><sp/><sp/>out.println(</highlight><highlight class="stringliteral">&quot;&lt;div<sp/>class=&apos;collapse<sp/>navbar-collapse<sp/>offset&apos;<sp/>id=&apos;navbarSupportedContent&apos;&gt;&quot;</highlight><highlight class="normal">);</highlight></codeline>
<codeline lineno="88"><highlight class="normal"><sp/><sp/><sp/><sp/><sp/><sp/><sp/><sp/><sp/><sp/><sp/><sp/>out.println(</highlight><highlight class="stringliteral">&quot;&lt;ul<sp/>class=&apos;nav<sp/>navbar-nav<sp/>menu_nav<sp/>ml-auto<sp/>mr-auto&apos;&gt;&quot;</highlight><highlight class="normal">);</highlight></codeline>
<codeline lineno="89"><highlight class="normal"><sp/><sp/><sp/><sp/><sp/><sp/><sp/><sp/><sp/><sp/><sp/><sp/>out.println(</highlight><highlight class="stringliteral">&quot;&lt;li<sp/>class=&apos;nav-item&apos;&gt;&lt;a<sp/>class=&apos;nav-link&apos;<sp/>href=&apos;index.html&apos;&gt;Home&lt;/a&gt;&lt;/li&gt;&quot;</highlight><highlight class="normal">);</highlight></codeline>
<codeline lineno="90"><highlight class="normal"><sp/><sp/><sp/><sp/><sp/><sp/><sp/><sp/><sp/><sp/><sp/><sp/>out.println(</highlight><highlight class="stringliteral">&quot;&lt;li<sp/>class=&apos;nav-item<sp/>active<sp/>submenu<sp/>dropdown&apos;&gt;&quot;</highlight><highlight class="normal">);</highlight></codeline>
<codeline lineno="91"><highlight class="normal"><sp/><sp/><sp/><sp/><sp/><sp/><sp/><sp/><sp/><sp/><sp/><sp/>out.println(</highlight><highlight class="stringliteral">&quot;&lt;a<sp/>href=&apos;#&apos;<sp/>class=&apos;nav-link<sp/>dropdown-toggle&apos;<sp/>data-toggle=&apos;dropdown&apos;<sp/>role=&apos;button&apos;<sp/>aria-haspopup=&apos;true&apos;&quot;</highlight><highlight class="normal">);</highlight></codeline>
<codeline lineno="92"><highlight class="normal"><sp/><sp/><sp/><sp/><sp/><sp/><sp/><sp/><sp/><sp/><sp/><sp/>out.println(</highlight><highlight class="stringliteral">&quot;aria-expanded=&apos;false&apos;&gt;Shop&lt;/a&gt;&quot;</highlight><highlight class="normal">);</highlight></codeline>
<codeline lineno="93"><highlight class="normal"><sp/><sp/><sp/><sp/><sp/><sp/><sp/><sp/><sp/><sp/><sp/><sp/>out.println(</highlight><highlight class="stringliteral">&quot;&lt;ul<sp/>class=&apos;dropdown-menu&apos;&gt;&quot;</highlight><highlight class="normal">);</highlight></codeline>
<codeline lineno="94"><highlight class="normal"><sp/><sp/><sp/><sp/><sp/><sp/><sp/><sp/><sp/><sp/><sp/><sp/>out.println(</highlight><highlight class="stringliteral">&quot;&lt;li<sp/>class=&apos;nav-item&apos;&gt;&lt;a<sp/>class=&apos;nav-link&apos;<sp/>href=&apos;category.html&apos;&gt;Shop<sp/>Category&lt;/a&gt;&lt;/li&gt;&quot;</highlight><highlight class="normal">);</highlight></codeline>
<codeline lineno="95"><highlight class="normal"><sp/><sp/><sp/><sp/><sp/><sp/><sp/><sp/><sp/><sp/><sp/><sp/>out.println(</highlight><highlight class="stringliteral">&quot;&lt;li<sp/>class=&apos;nav-item&apos;&gt;&lt;a<sp/>class=&apos;nav-link&apos;<sp/>href=&apos;single-product.html&apos;&gt;Product<sp/>Details&lt;/a&gt;&lt;/li&gt;&quot;</highlight><highlight class="normal">);</highlight></codeline>
<codeline lineno="96"><highlight class="normal"><sp/><sp/><sp/><sp/><sp/><sp/><sp/><sp/><sp/><sp/><sp/><sp/>out.println(</highlight><highlight class="stringliteral">&quot;&lt;li<sp/>class=&apos;nav-item&apos;&gt;&lt;a<sp/>class=&apos;nav-link&apos;<sp/>href=&apos;checkout.html&apos;&gt;Product<sp/>Checkout&lt;/a&gt;&lt;/li&gt;&quot;</highlight><highlight class="normal">);</highlight></codeline>
<codeline lineno="97"><highlight class="normal"><sp/><sp/><sp/><sp/><sp/><sp/><sp/><sp/><sp/><sp/><sp/><sp/>out.println(</highlight><highlight class="stringliteral">&quot;&lt;li<sp/>class=&apos;nav-item&apos;&gt;&lt;a<sp/>class=&apos;nav-link&apos;<sp/>href=&apos;confirmation.html&apos;&gt;Confirmation&lt;/a&gt;&lt;/li&gt;&quot;</highlight><highlight class="normal">);</highlight></codeline>
<codeline lineno="98"><highlight class="normal"><sp/><sp/><sp/><sp/><sp/><sp/><sp/><sp/><sp/><sp/><sp/><sp/>out.println(</highlight><highlight class="stringliteral">&quot;&lt;li<sp/>class=&apos;nav-item&apos;&gt;&lt;a<sp/>class=&apos;nav-link&apos;<sp/>href=&apos;cart.html&apos;&gt;Shopping<sp/>Cart&lt;/a&gt;&lt;/li&gt;&quot;</highlight><highlight class="normal">);</highlight></codeline>
<codeline lineno="99"><highlight class="normal"><sp/><sp/><sp/><sp/><sp/><sp/><sp/><sp/><sp/><sp/><sp/><sp/>out.println(</highlight><highlight class="stringliteral">&quot;&lt;/ul&gt;&quot;</highlight><highlight class="normal">);</highlight></codeline>
<codeline lineno="100"><highlight class="normal"><sp/><sp/><sp/><sp/><sp/><sp/><sp/><sp/><sp/><sp/><sp/><sp/>out.println(</highlight><highlight class="stringliteral">&quot;&lt;/li&gt;&quot;</highlight><highlight class="normal">);</highlight></codeline>
<codeline lineno="101"><highlight class="normal"><sp/><sp/><sp/><sp/><sp/><sp/><sp/><sp/><sp/><sp/><sp/><sp/>out.println(</highlight><highlight class="stringliteral">&quot;&lt;li<sp/>class=&apos;nav-item<sp/>submenu<sp/>dropdown&apos;&gt;&quot;</highlight><highlight class="normal">);</highlight></codeline>
<codeline lineno="102"><highlight class="normal"><sp/><sp/><sp/><sp/><sp/><sp/><sp/><sp/><sp/><sp/><sp/><sp/>out.println(</highlight><highlight class="stringliteral">&quot;&lt;a<sp/>href=&apos;#&apos;<sp/>class=&apos;nav-link<sp/>dropdown-toggle&apos;<sp/>data-toggle=&apos;dropdown&apos;<sp/>role=&apos;button&apos;<sp/>aria-haspopup=&apos;true&apos;&quot;</highlight><highlight class="normal">);</highlight></codeline>
<codeline lineno="103"><highlight class="normal"><sp/><sp/><sp/><sp/><sp/><sp/><sp/><sp/><sp/><sp/><sp/><sp/>out.println(</highlight><highlight class="stringliteral">&quot;aria-expanded=&apos;false&apos;&gt;Blog&lt;/a&gt;&quot;</highlight><highlight class="normal">);</highlight></codeline>
<codeline lineno="104"><highlight class="normal"><sp/><sp/><sp/><sp/><sp/><sp/><sp/><sp/><sp/><sp/><sp/><sp/>out.println(</highlight><highlight class="stringliteral">&quot;&lt;ul<sp/>class=&apos;dropdown-menu&apos;&gt;&quot;</highlight><highlight class="normal">);</highlight></codeline>
<codeline lineno="105"><highlight class="normal"><sp/><sp/><sp/><sp/><sp/><sp/><sp/><sp/><sp/><sp/><sp/><sp/>out.println(</highlight><highlight class="stringliteral">&quot;&lt;li<sp/>class=&apos;nav-item&apos;&gt;&lt;a<sp/>class=&apos;nav-link&apos;<sp/>href=&apos;blog.html&apos;&gt;Blog&lt;/a&gt;&lt;/li&gt;&quot;</highlight><highlight class="normal">);</highlight></codeline>
<codeline lineno="106"><highlight class="normal"><sp/><sp/><sp/><sp/><sp/><sp/><sp/><sp/><sp/><sp/><sp/><sp/>out.println(</highlight><highlight class="stringliteral">&quot;&lt;li<sp/>class=&apos;nav-item&apos;&gt;&lt;a<sp/>class=&apos;nav-link&apos;<sp/>href=&apos;single-blog.html&apos;&gt;Blog<sp/>Details&lt;/a&gt;&lt;/li&gt;&quot;</highlight><highlight class="normal">);</highlight></codeline>
<codeline lineno="107"><highlight class="normal"><sp/><sp/><sp/><sp/><sp/><sp/><sp/><sp/><sp/><sp/><sp/><sp/>out.println(</highlight><highlight class="stringliteral">&quot;&lt;/ul&gt;&quot;</highlight><highlight class="normal">);</highlight></codeline>
<codeline lineno="108"><highlight class="normal"><sp/><sp/><sp/><sp/><sp/><sp/><sp/><sp/><sp/><sp/><sp/><sp/>out.println(</highlight><highlight class="stringliteral">&quot;&lt;/li&gt;&quot;</highlight><highlight class="normal">);</highlight></codeline>
<codeline lineno="109"><highlight class="normal"><sp/><sp/><sp/><sp/><sp/><sp/><sp/><sp/><sp/><sp/><sp/><sp/>out.println(</highlight><highlight class="stringliteral">&quot;&lt;li<sp/>class=&apos;nav-item<sp/>submenu<sp/>dropdown&apos;&gt;&quot;</highlight><highlight class="normal">);</highlight></codeline>
<codeline lineno="110"><highlight class="normal"><sp/><sp/><sp/><sp/><sp/><sp/><sp/><sp/><sp/><sp/><sp/><sp/>out.println(</highlight><highlight class="stringliteral">&quot;&lt;a<sp/>href=&apos;#&apos;<sp/>class=&apos;nav-link<sp/>dropdown-toggle&apos;<sp/>data-toggle=&apos;dropdown&apos;<sp/>role=&apos;button&apos;<sp/>aria-haspopup=&apos;true&apos;&quot;</highlight><highlight class="normal">);</highlight></codeline>
<codeline lineno="111"><highlight class="normal"><sp/><sp/><sp/><sp/><sp/><sp/><sp/><sp/><sp/><sp/><sp/><sp/>out.println(</highlight><highlight class="stringliteral">&quot;aria-expanded=&apos;false&apos;&gt;Pages&lt;/a&gt;&quot;</highlight><highlight class="normal">);</highlight></codeline>
<codeline lineno="112"><highlight class="normal"><sp/><sp/><sp/><sp/><sp/><sp/><sp/><sp/><sp/><sp/><sp/><sp/>out.println(</highlight><highlight class="stringliteral">&quot;&lt;ul<sp/>class=&apos;dropdown-menu&apos;&gt;&quot;</highlight><highlight class="normal">);</highlight></codeline>
<codeline lineno="113"><highlight class="normal"><sp/><sp/><sp/><sp/><sp/><sp/><sp/><sp/><sp/><sp/><sp/><sp/>out.println(</highlight><highlight class="stringliteral">&quot;&lt;li<sp/>class=&apos;nav-item&apos;&gt;&lt;a<sp/>class=&apos;nav-link&apos;<sp/>href=&apos;login.html&apos;&gt;Login&lt;/a&gt;&lt;/li&gt;&quot;</highlight><highlight class="normal">);</highlight></codeline>
<codeline lineno="114"><highlight class="normal"><sp/><sp/><sp/><sp/><sp/><sp/><sp/><sp/><sp/><sp/><sp/><sp/>out.println(</highlight><highlight class="stringliteral">&quot;&lt;li<sp/>class=&apos;nav-item&apos;&gt;&lt;a<sp/>class=&apos;nav-link&apos;<sp/>href=&apos;register.html&apos;&gt;Register&lt;/a&gt;&lt;/li&gt;&quot;</highlight><highlight class="normal">);</highlight></codeline>
<codeline lineno="115"><highlight class="normal"><sp/><sp/><sp/><sp/><sp/><sp/><sp/><sp/><sp/><sp/><sp/><sp/>out.println(</highlight><highlight class="stringliteral">&quot;&lt;li<sp/>class=&apos;nav-item&apos;&gt;&lt;a<sp/>class=&apos;nav-link&apos;<sp/>href=&apos;tracking-order.html&apos;&gt;Tracking&lt;/a&gt;&lt;/li&gt;&quot;</highlight><highlight class="normal">);</highlight></codeline>
<codeline lineno="116"><highlight class="normal"><sp/><sp/><sp/><sp/><sp/><sp/><sp/><sp/><sp/><sp/><sp/><sp/>out.println(</highlight><highlight class="stringliteral">&quot;&lt;/ul&gt;&quot;</highlight><highlight class="normal">);</highlight></codeline>
<codeline lineno="117"><highlight class="normal"><sp/><sp/><sp/><sp/><sp/><sp/><sp/><sp/><sp/><sp/><sp/><sp/>out.println(</highlight><highlight class="stringliteral">&quot;&lt;/li&gt;&quot;</highlight><highlight class="normal">);</highlight></codeline>
<codeline lineno="118"><highlight class="normal"><sp/><sp/><sp/><sp/><sp/><sp/><sp/><sp/><sp/><sp/><sp/><sp/>out.println(</highlight><highlight class="stringliteral">&quot;&lt;li<sp/>class=&apos;nav-item&apos;&gt;&lt;a<sp/>class=&apos;nav-link&apos;<sp/>href=&apos;contact.html&apos;&gt;Contact&lt;/a&gt;&lt;/li&gt;&quot;</highlight><highlight class="normal">);</highlight></codeline>
<codeline lineno="119"><highlight class="normal"><sp/><sp/><sp/><sp/><sp/><sp/><sp/><sp/><sp/><sp/><sp/><sp/>out.println(</highlight><highlight class="stringliteral">&quot;&lt;/ul&gt;&quot;</highlight><highlight class="normal">);</highlight></codeline>
<codeline lineno="120"><highlight class="normal"><sp/><sp/><sp/><sp/><sp/><sp/><sp/><sp/><sp/><sp/><sp/><sp/>out.println(</highlight><highlight class="stringliteral">&quot;&lt;ul<sp/>class=&apos;nav-shop&apos;&gt;&quot;</highlight><highlight class="normal">);</highlight></codeline>
<codeline lineno="121"><highlight class="normal"><sp/><sp/><sp/><sp/><sp/><sp/><sp/><sp/><sp/><sp/><sp/><sp/>out.println(</highlight><highlight class="stringliteral">&quot;&lt;li<sp/>class=&apos;nav-item&apos;&gt;&lt;button&gt;&lt;i<sp/>class=&apos;ti-search&apos;&gt;&lt;/i&gt;&lt;/button&gt;&lt;/li&gt;&quot;</highlight><highlight class="normal">);</highlight></codeline>
<codeline lineno="122"><highlight class="normal"><sp/><sp/><sp/><sp/><sp/><sp/><sp/><sp/><sp/><sp/><sp/><sp/>out.println(</highlight><highlight class="stringliteral">&quot;&lt;li<sp/>class=&apos;nav-item&apos;&gt;&lt;button&gt;&lt;i<sp/>class=&apos;ti-shopping-cart&apos;&gt;&lt;/i&gt;&lt;span<sp/>class=&apos;nav-shop__circle&apos;&gt;3&lt;/span&gt;&lt;/button&gt;<sp/>&lt;/li&gt;&quot;</highlight><highlight class="normal">);</highlight></codeline>
<codeline lineno="123"><highlight class="normal"><sp/><sp/><sp/><sp/><sp/><sp/><sp/><sp/><sp/><sp/><sp/><sp/>out.println(</highlight><highlight class="stringliteral">&quot;&lt;li<sp/>class=&apos;nav-item&apos;&gt;&lt;a<sp/>class=&apos;button<sp/>button-header&apos;<sp/>href=&apos;#&apos;&gt;Buy<sp/>Now&lt;/a&gt;&lt;/li&gt;&quot;</highlight><highlight class="normal">);</highlight></codeline>
<codeline lineno="124"><highlight class="normal"><sp/><sp/><sp/><sp/><sp/><sp/><sp/><sp/><sp/><sp/><sp/><sp/>out.println(</highlight><highlight class="stringliteral">&quot;&lt;/ul&gt;&quot;</highlight><highlight class="normal">);</highlight></codeline>
<codeline lineno="125"><highlight class="normal"><sp/><sp/><sp/><sp/><sp/><sp/><sp/><sp/><sp/><sp/><sp/><sp/>out.println(</highlight><highlight class="stringliteral">&quot;&lt;/div&gt;&quot;</highlight><highlight class="normal">);</highlight></codeline>
<codeline lineno="126"><highlight class="normal"><sp/><sp/><sp/><sp/><sp/><sp/><sp/><sp/><sp/><sp/><sp/><sp/>out.println(</highlight><highlight class="stringliteral">&quot;&lt;/div&gt;&quot;</highlight><highlight class="normal">);</highlight></codeline>
<codeline lineno="127"><highlight class="normal"><sp/><sp/><sp/><sp/><sp/><sp/><sp/><sp/><sp/><sp/><sp/><sp/>out.println(</highlight><highlight class="stringliteral">&quot;&lt;/nav&gt;&quot;</highlight><highlight class="normal">);</highlight></codeline>
<codeline lineno="128"><highlight class="normal"><sp/><sp/><sp/><sp/><sp/><sp/><sp/><sp/><sp/><sp/><sp/><sp/>out.println(</highlight><highlight class="stringliteral">&quot;&lt;/div&gt;&quot;</highlight><highlight class="normal">);</highlight></codeline>
<codeline lineno="129"><highlight class="normal"><sp/><sp/><sp/><sp/><sp/><sp/><sp/><sp/><sp/><sp/><sp/><sp/>out.println(</highlight><highlight class="stringliteral">&quot;&lt;/header&gt;&quot;</highlight><highlight class="normal">);</highlight></codeline>
<codeline lineno="130"><highlight class="normal"><sp/><sp/><sp/><sp/><sp/><sp/><sp/><sp/><sp/><sp/><sp/><sp/>out.println(</highlight><highlight class="stringliteral">&quot;&lt;div<sp/>class=&apos;product_image_area&apos;&gt;&quot;</highlight><highlight class="normal">);</highlight></codeline>
<codeline lineno="131"><highlight class="normal"><sp/><sp/><sp/><sp/><sp/><sp/><sp/><sp/><sp/><sp/><sp/><sp/>out.println(</highlight><highlight class="stringliteral">&quot;&lt;div<sp/>class=&apos;container&apos;&gt;&quot;</highlight><highlight class="normal">);</highlight></codeline>
<codeline lineno="132"><highlight class="normal"><sp/><sp/><sp/><sp/><sp/><sp/><sp/><sp/><sp/><sp/><sp/><sp/>out.println(</highlight><highlight class="stringliteral">&quot;&lt;div<sp/>class=&apos;row<sp/>s_product_inner&apos;&gt;&quot;</highlight><highlight class="normal">);</highlight></codeline>
<codeline lineno="133"><highlight class="normal"><sp/><sp/><sp/><sp/><sp/><sp/><sp/><sp/><sp/><sp/><sp/><sp/>out.println(</highlight><highlight class="stringliteral">&quot;&lt;div<sp/>class=&apos;col-lg-6&apos;&gt;&quot;</highlight><highlight class="normal">);</highlight></codeline>
<codeline lineno="134"><highlight class="normal"><sp/><sp/><sp/><sp/><sp/><sp/><sp/><sp/><sp/><sp/><sp/><sp/>out.println(</highlight><highlight class="stringliteral">&quot;&lt;div<sp/>class=&apos;owl-carousel<sp/>owl-theme<sp/>s_Product_carousel&apos;&gt;&quot;</highlight><highlight class="normal">);</highlight></codeline>
<codeline lineno="135"><highlight class="normal"><sp/><sp/><sp/><sp/><sp/><sp/><sp/><sp/><sp/><sp/><sp/><sp/>out.println(</highlight><highlight class="stringliteral">&quot;&lt;div<sp/>class=&apos;single-prd-item&apos;&gt;&quot;</highlight><highlight class="normal">);</highlight></codeline>
<codeline lineno="136"><highlight class="normal"><sp/><sp/><sp/><sp/><sp/><sp/><sp/><sp/><sp/><sp/><sp/><sp/>out.println(</highlight><highlight class="stringliteral">&quot;&lt;img<sp/>class=&apos;img-fluid&apos;<sp/>src=&apos;img/category/s-p1.jpg&apos;<sp/>alt=&apos;&apos;&gt;&quot;</highlight><highlight class="normal">);</highlight></codeline>
<codeline lineno="137"><highlight class="normal"><sp/><sp/><sp/><sp/><sp/><sp/><sp/><sp/><sp/><sp/><sp/><sp/>out.println(</highlight><highlight class="stringliteral">&quot;&lt;/div&gt;&quot;</highlight><highlight class="normal">);</highlight></codeline>
<codeline lineno="138"><highlight class="normal"><sp/><sp/><sp/><sp/><sp/><sp/><sp/><sp/><sp/><sp/><sp/><sp/>out.println(</highlight><highlight class="stringliteral">&quot;&lt;!--<sp/>&lt;div<sp/>class=&apos;single-prd-item&apos;&gt;&quot;</highlight><highlight class="normal">);</highlight></codeline>
<codeline lineno="139"><highlight class="normal"><sp/><sp/><sp/><sp/><sp/><sp/><sp/><sp/><sp/><sp/><sp/><sp/>out.println(</highlight><highlight class="stringliteral">&quot;&lt;img<sp/>class=&apos;img-fluid&apos;<sp/>src=&apos;img/category/s-p1.jpg&apos;<sp/>alt=&apos;&apos;&gt;&quot;</highlight><highlight class="normal">);</highlight></codeline>
<codeline lineno="140"><highlight class="normal"><sp/><sp/><sp/><sp/><sp/><sp/><sp/><sp/><sp/><sp/><sp/><sp/>out.println(</highlight><highlight class="stringliteral">&quot;&lt;/div&gt;&quot;</highlight><highlight class="normal">);</highlight></codeline>
<codeline lineno="141"><highlight class="normal"><sp/><sp/><sp/><sp/><sp/><sp/><sp/><sp/><sp/><sp/><sp/><sp/>out.println(</highlight><highlight class="stringliteral">&quot;&lt;div<sp/>class=&apos;single-prd-item&apos;&gt;&quot;</highlight><highlight class="normal">);</highlight></codeline>
<codeline lineno="142"><highlight class="normal"><sp/><sp/><sp/><sp/><sp/><sp/><sp/><sp/><sp/><sp/><sp/><sp/>out.println(</highlight><highlight class="stringliteral">&quot;&lt;img<sp/>class=&apos;img-fluid&apos;<sp/>src=&apos;img/category/s-p1.jpg&apos;<sp/>alt=&apos;&apos;&gt;&quot;</highlight><highlight class="normal">);</highlight></codeline>
<codeline lineno="143"><highlight class="normal"><sp/><sp/><sp/><sp/><sp/><sp/><sp/><sp/><sp/><sp/><sp/><sp/>out.println(</highlight><highlight class="stringliteral">&quot;&lt;/div&gt;<sp/>--&gt;&quot;</highlight><highlight class="normal">);</highlight></codeline>
<codeline lineno="144"><highlight class="normal"><sp/><sp/><sp/><sp/><sp/><sp/><sp/><sp/><sp/><sp/><sp/><sp/>out.println(</highlight><highlight class="stringliteral">&quot;&lt;/div&gt;&quot;</highlight><highlight class="normal">);</highlight></codeline>
<codeline lineno="145"><highlight class="normal"><sp/><sp/><sp/><sp/><sp/><sp/><sp/><sp/><sp/><sp/><sp/><sp/>out.println(</highlight><highlight class="stringliteral">&quot;&lt;/div&gt;&quot;</highlight><highlight class="normal">);</highlight></codeline>
<codeline lineno="146"><highlight class="normal"><sp/><sp/><sp/><sp/><sp/><sp/><sp/><sp/><sp/><sp/><sp/><sp/></highlight></codeline>
<codeline lineno="147"><highlight class="normal"><sp/><sp/><sp/><sp/><sp/><sp/><sp/><sp/><sp/><sp/><sp/><sp/></highlight><highlight class="comment">//Product<sp/>Details</highlight><highlight class="normal"></highlight></codeline>
<codeline lineno="148"><highlight class="normal"><sp/><sp/><sp/><sp/><sp/><sp/><sp/><sp/><sp/><sp/><sp/><sp/>out.println(</highlight><highlight class="stringliteral">&quot;&lt;div<sp/>class=&apos;col-lg-5<sp/>offset-lg-1&apos;&gt;&quot;</highlight><highlight class="normal">);</highlight></codeline>
<codeline lineno="149"><highlight class="normal"><sp/><sp/><sp/><sp/><sp/><sp/><sp/><sp/><sp/><sp/><sp/><sp/>out.println(</highlight><highlight class="stringliteral">&quot;&lt;div<sp/>class=&apos;s_product_text&apos;&gt;&quot;</highlight><highlight class="normal">);</highlight></codeline>
<codeline lineno="150"><highlight class="normal"><sp/><sp/><sp/><sp/><sp/><sp/><sp/><sp/><sp/><sp/><sp/><sp/>out.println(</highlight><highlight class="stringliteral">&quot;&lt;h3&gt;Faded<sp/>SkyBlu<sp/>Denim<sp/>Jeans&lt;/h3&gt;&quot;</highlight><highlight class="normal">);</highlight></codeline>
<codeline lineno="151"><highlight class="normal"><sp/><sp/><sp/><sp/><sp/><sp/><sp/><sp/><sp/><sp/><sp/><sp/>out.println(</highlight><highlight class="stringliteral">&quot;&lt;h2&gt;$149.99&lt;/h2&gt;&quot;</highlight><highlight class="normal">);</highlight></codeline>
<codeline lineno="152"><highlight class="normal"><sp/><sp/><sp/><sp/><sp/><sp/><sp/><sp/><sp/><sp/><sp/><sp/>out.println(</highlight><highlight class="stringliteral">&quot;&lt;ul<sp/>class=&apos;list&apos;&gt;&quot;</highlight><highlight class="normal">);</highlight></codeline>
<codeline lineno="153"><highlight class="normal"><sp/><sp/><sp/><sp/><sp/><sp/><sp/><sp/><sp/><sp/><sp/><sp/>out.println(</highlight><highlight class="stringliteral">&quot;&lt;li&gt;&lt;a<sp/>class=&apos;active&apos;<sp/>href=&apos;#&apos;&gt;&lt;span&gt;Category&lt;/span&gt;<sp/>:<sp/>Household&lt;/a&gt;&lt;/li&gt;&quot;</highlight><highlight class="normal">);</highlight></codeline>
<codeline lineno="154"><highlight class="normal"><sp/><sp/><sp/><sp/><sp/><sp/><sp/><sp/><sp/><sp/><sp/><sp/>out.println(</highlight><highlight class="stringliteral">&quot;&lt;li&gt;&lt;a<sp/>href=&apos;#&apos;&gt;&lt;span&gt;Availibility&lt;/span&gt;<sp/>:<sp/>In<sp/>Stock&lt;/a&gt;&lt;/li&gt;&quot;</highlight><highlight class="normal">);</highlight></codeline>
<codeline lineno="155"><highlight class="normal"><sp/><sp/><sp/><sp/><sp/><sp/><sp/><sp/><sp/><sp/><sp/><sp/>out.println(</highlight><highlight class="stringliteral">&quot;&lt;/ul&gt;&quot;</highlight><highlight class="normal">);</highlight></codeline>
<codeline lineno="156"><highlight class="normal"><sp/><sp/><sp/><sp/><sp/><sp/><sp/><sp/><sp/><sp/><sp/><sp/>out.println(</highlight><highlight class="stringliteral">&quot;&lt;p&gt;Mill<sp/>Oil<sp/>is<sp/>an<sp/>innovative<sp/>oil<sp/>filled<sp/>radiator<sp/>with<sp/>the<sp/>most<sp/>modern<sp/>technology.<sp/>If<sp/>you<sp/>are<sp/>looking<sp/>for&quot;</highlight><highlight class="normal">);</highlight></codeline>
<codeline lineno="157"><highlight class="normal"><sp/><sp/><sp/><sp/><sp/><sp/><sp/><sp/><sp/><sp/><sp/><sp/>out.println(</highlight><highlight class="stringliteral">&quot;something<sp/>that<sp/>can<sp/>make<sp/>your<sp/>interior<sp/>look<sp/>awesome,<sp/>and<sp/>at<sp/>the<sp/>same<sp/>time<sp/>give<sp/>you<sp/>the<sp/>pleasant<sp/>warm<sp/>feeling&quot;</highlight><highlight class="normal">);</highlight></codeline>
<codeline lineno="158"><highlight class="normal"><sp/><sp/><sp/><sp/><sp/><sp/><sp/><sp/><sp/><sp/><sp/><sp/>out.println(</highlight><highlight class="stringliteral">&quot;during<sp/>the<sp/>winter.&lt;/p&gt;&quot;</highlight><highlight class="normal">);</highlight></codeline>
<codeline lineno="159"><highlight class="normal"><sp/><sp/><sp/><sp/><sp/><sp/><sp/><sp/><sp/><sp/><sp/><sp/>out.println(</highlight><highlight class="stringliteral">&quot;&lt;div<sp/>class=&apos;product_count&apos;&gt;&quot;</highlight><highlight class="normal">);</highlight></codeline>
<codeline lineno="160"><highlight class="normal"><sp/><sp/><sp/><sp/><sp/><sp/><sp/><sp/><sp/><sp/><sp/><sp/>out.println(</highlight><highlight class="stringliteral">&quot;&lt;label<sp/>for=&apos;qty&apos;&gt;Quantity:&lt;/label&gt;&quot;</highlight><highlight class="normal">);</highlight></codeline>
<codeline lineno="161"><highlight class="normal"><sp/><sp/><sp/><sp/><sp/><sp/><sp/><sp/><sp/><sp/><sp/><sp/>out.println(</highlight><highlight class="stringliteral">&quot;&lt;button<sp/>onclick=&apos;var<sp/>result<sp/>=<sp/>document.getElementById(&apos;sst&apos;);<sp/>var<sp/>sst<sp/>=<sp/>result.value;<sp/>if(<sp/>!isNaN(<sp/>sst<sp/>))<sp/>result.value++;return<sp/>false;&apos;&quot;</highlight><highlight class="normal">);</highlight></codeline>
<codeline lineno="162"><highlight class="normal"><sp/><sp/><sp/><sp/><sp/><sp/><sp/><sp/><sp/><sp/><sp/><sp/>out.println(</highlight><highlight class="stringliteral">&quot;class=&apos;increase<sp/>items-count&apos;<sp/>type=&apos;button&apos;&gt;&lt;i<sp/>class=&apos;ti-angle-left&apos;&gt;&lt;/i&gt;&lt;/button&gt;&quot;</highlight><highlight class="normal">);</highlight></codeline>
<codeline lineno="163"><highlight class="normal"><sp/><sp/><sp/><sp/><sp/><sp/><sp/><sp/><sp/><sp/><sp/><sp/>out.println(</highlight><highlight class="stringliteral">&quot;&lt;input<sp/>type=&apos;text&apos;<sp/>name=&apos;qty&apos;<sp/>id=&apos;sst&apos;<sp/>size=&apos;2&apos;<sp/>maxlength=&apos;12&apos;<sp/>value=&apos;1&apos;<sp/>title=&apos;Quantity:&apos;<sp/>class=&apos;input-text<sp/>qty&apos;&gt;&quot;</highlight><highlight class="normal">);</highlight></codeline>
<codeline lineno="164"><highlight class="normal"><sp/><sp/><sp/><sp/><sp/><sp/><sp/><sp/><sp/><sp/><sp/><sp/>out.println(</highlight><highlight class="stringliteral">&quot;&lt;button<sp/>onclick=&apos;var<sp/>result<sp/>=<sp/>document.getElementById(&apos;sst&apos;);<sp/>var<sp/>sst<sp/>=<sp/>result.value;<sp/>if(<sp/>!isNaN(<sp/>sst<sp/>)<sp/>&amp;amp;&amp;amp;<sp/>sst<sp/>&gt;<sp/>0<sp/>)<sp/>result.value--;return<sp/>false;&apos;&quot;</highlight><highlight class="normal">);</highlight></codeline>
<codeline lineno="165"><highlight class="normal"><sp/><sp/><sp/><sp/><sp/><sp/><sp/><sp/><sp/><sp/><sp/><sp/>out.println(</highlight><highlight class="stringliteral">&quot;class=&apos;reduced<sp/>items-count&apos;<sp/>type=&apos;button&apos;&gt;&lt;i<sp/>class=&apos;ti-angle-right&apos;&gt;&lt;/i&gt;&lt;/button&gt;&quot;</highlight><highlight class="normal">);</highlight></codeline>
<codeline lineno="166"><highlight class="normal"><sp/><sp/><sp/><sp/><sp/><sp/><sp/><sp/><sp/><sp/><sp/><sp/>out.println(</highlight><highlight class="stringliteral">&quot;&lt;a<sp/>class=&apos;button<sp/>primary-btn&apos;<sp/>href=&apos;#&apos;&gt;Add<sp/>to<sp/>Cart&lt;/a&gt;&quot;</highlight><highlight class="normal">);</highlight></codeline>
<codeline lineno="167"><highlight class="normal"><sp/><sp/><sp/><sp/><sp/><sp/><sp/><sp/><sp/><sp/><sp/><sp/>out.println(</highlight><highlight class="stringliteral">&quot;&lt;/div&gt;&quot;</highlight><highlight class="normal">);</highlight></codeline>
<codeline lineno="168"><highlight class="normal"><sp/><sp/><sp/><sp/><sp/><sp/><sp/><sp/><sp/><sp/><sp/><sp/>out.println(</highlight><highlight class="stringliteral">&quot;&lt;div<sp/>class=&apos;card_area<sp/>d-flex<sp/>align-items-center&apos;&gt;&quot;</highlight><highlight class="normal">);</highlight></codeline>
<codeline lineno="169"><highlight class="normal"><sp/><sp/><sp/><sp/><sp/><sp/><sp/><sp/><sp/><sp/><sp/><sp/>out.println(</highlight><highlight class="stringliteral">&quot;&lt;a<sp/>class=&apos;icon_btn&apos;<sp/>href=&apos;#&apos;&gt;&lt;i<sp/>class=&apos;lnr<sp/>lnr<sp/>lnr-diamond&apos;&gt;&lt;/i&gt;&lt;/a&gt;&quot;</highlight><highlight class="normal">);</highlight></codeline>
<codeline lineno="170"><highlight class="normal"><sp/><sp/><sp/><sp/><sp/><sp/><sp/><sp/><sp/><sp/><sp/><sp/>out.println(</highlight><highlight class="stringliteral">&quot;&lt;a<sp/>class=&apos;icon_btn&apos;<sp/>href=&apos;#&apos;&gt;&lt;i<sp/>class=&apos;lnr<sp/>lnr<sp/>lnr-heart&apos;&gt;&lt;/i&gt;&lt;/a&gt;&quot;</highlight><highlight class="normal">);</highlight></codeline>
<codeline lineno="171"><highlight class="normal"><sp/><sp/><sp/><sp/><sp/><sp/><sp/><sp/><sp/><sp/><sp/><sp/>out.println(</highlight><highlight class="stringliteral">&quot;&lt;/div&gt;&quot;</highlight><highlight class="normal">);</highlight></codeline>
<codeline lineno="172"><highlight class="normal"><sp/><sp/><sp/><sp/><sp/><sp/><sp/><sp/><sp/><sp/><sp/><sp/>out.println(</highlight><highlight class="stringliteral">&quot;&lt;/div&gt;&quot;</highlight><highlight class="normal">);</highlight></codeline>
<codeline lineno="173"><highlight class="normal"><sp/><sp/><sp/><sp/><sp/><sp/><sp/><sp/><sp/><sp/><sp/><sp/>out.println(</highlight><highlight class="stringliteral">&quot;&lt;/div&gt;&quot;</highlight><highlight class="normal">);</highlight></codeline>
<codeline lineno="174"><highlight class="normal"><sp/><sp/><sp/><sp/><sp/><sp/><sp/><sp/><sp/><sp/><sp/><sp/>out.println(</highlight><highlight class="stringliteral">&quot;&lt;/div&gt;&quot;</highlight><highlight class="normal">);</highlight></codeline>
<codeline lineno="175"><highlight class="normal"><sp/><sp/><sp/><sp/><sp/><sp/><sp/><sp/><sp/><sp/><sp/><sp/>out.println(</highlight><highlight class="stringliteral">&quot;&lt;/div&gt;&quot;</highlight><highlight class="normal">);</highlight></codeline>
<codeline lineno="176"><highlight class="normal"><sp/><sp/><sp/><sp/><sp/><sp/><sp/><sp/><sp/><sp/><sp/><sp/>out.println(</highlight><highlight class="stringliteral">&quot;&lt;/div&gt;&quot;</highlight><highlight class="normal">);</highlight></codeline>
<codeline lineno="177"><highlight class="normal"><sp/><sp/><sp/><sp/><sp/><sp/><sp/><sp/><sp/><sp/><sp/><sp/>out.println(</highlight><highlight class="stringliteral">&quot;&lt;!--================End<sp/>Single<sp/>Product<sp/>Area<sp/>=================--&gt;&quot;</highlight><highlight class="normal">);</highlight></codeline>
<codeline lineno="178"><highlight class="normal"><sp/><sp/><sp/><sp/><sp/><sp/><sp/><sp/><sp/><sp/><sp/><sp/>out.println(</highlight><highlight class="stringliteral">&quot;&quot;</highlight><highlight class="normal">);</highlight></codeline>
<codeline lineno="179"><highlight class="normal"><sp/><sp/><sp/><sp/><sp/><sp/><sp/><sp/><sp/><sp/><sp/><sp/>out.println(</highlight><highlight class="stringliteral">&quot;&lt;!--================Product<sp/>Description<sp/>Area<sp/>=================--&gt;&quot;</highlight><highlight class="normal">);</highlight></codeline>
<codeline lineno="180"><highlight class="normal"><sp/><sp/><sp/><sp/><sp/><sp/><sp/><sp/><sp/><sp/><sp/><sp/>out.println(</highlight><highlight class="stringliteral">&quot;&lt;section<sp/>class=&apos;product_description_area&apos;&gt;&quot;</highlight><highlight class="normal">);</highlight></codeline>
<codeline lineno="181"><highlight class="normal"><sp/><sp/><sp/><sp/><sp/><sp/><sp/><sp/><sp/><sp/><sp/><sp/>out.println(</highlight><highlight class="stringliteral">&quot;&lt;div<sp/>class=&apos;container&apos;&gt;&quot;</highlight><highlight class="normal">);</highlight></codeline>
<codeline lineno="182"><highlight class="normal"><sp/><sp/><sp/><sp/><sp/><sp/><sp/><sp/><sp/><sp/><sp/><sp/>out.println(</highlight><highlight class="stringliteral">&quot;&lt;ul<sp/>class=&apos;nav<sp/>nav-tabs&apos;<sp/>id=&apos;myTab&apos;<sp/>role=&apos;tablist&apos;&gt;&quot;</highlight><highlight class="normal">);</highlight></codeline>
<codeline lineno="183"><highlight class="normal"><sp/><sp/><sp/><sp/><sp/><sp/><sp/><sp/><sp/><sp/><sp/><sp/>out.println(</highlight><highlight class="stringliteral">&quot;&quot;</highlight><highlight class="normal">);</highlight></codeline>
<codeline lineno="184"><highlight class="normal"><sp/><sp/><sp/><sp/><sp/><sp/><sp/><sp/><sp/><sp/><sp/><sp/>out.println(</highlight><highlight class="stringliteral">&quot;&lt;li<sp/>class=&apos;nav-item&apos;&gt;&quot;</highlight><highlight class="normal">);</highlight></codeline>
<codeline lineno="185"><highlight class="normal"><sp/><sp/><sp/><sp/><sp/><sp/><sp/><sp/><sp/><sp/><sp/><sp/>out.println(</highlight><highlight class="stringliteral">&quot;&lt;a<sp/>class=&apos;nav-link<sp/>active&apos;<sp/>id=&apos;review-tab&apos;<sp/>data-toggle=&apos;tab&apos;<sp/>href=&apos;#review&apos;<sp/>role=&apos;tab&apos;<sp/>aria-controls=&apos;review&apos;&quot;</highlight><highlight class="normal">);</highlight></codeline>
<codeline lineno="186"><highlight class="normal"><sp/><sp/><sp/><sp/><sp/><sp/><sp/><sp/><sp/><sp/><sp/><sp/>out.println(</highlight><highlight class="stringliteral">&quot;aria-selected=&apos;false&apos;&gt;Reviews&lt;/a&gt;&quot;</highlight><highlight class="normal">);</highlight></codeline>
<codeline lineno="187"><highlight class="normal"><sp/><sp/><sp/><sp/><sp/><sp/><sp/><sp/><sp/><sp/><sp/><sp/>out.println(</highlight><highlight class="stringliteral">&quot;&lt;/li&gt;&quot;</highlight><highlight class="normal">);</highlight></codeline>
<codeline lineno="188"><highlight class="normal"><sp/><sp/><sp/><sp/><sp/><sp/><sp/><sp/><sp/><sp/><sp/><sp/>out.println(</highlight><highlight class="stringliteral">&quot;&lt;/ul&gt;&quot;</highlight><highlight class="normal">);</highlight></codeline>
<codeline lineno="189"><highlight class="normal"><sp/><sp/><sp/><sp/><sp/><sp/><sp/><sp/><sp/><sp/><sp/><sp/>out.println(</highlight><highlight class="stringliteral">&quot;&lt;div<sp/>class=&apos;tab-content&apos;<sp/>id=&apos;myTabContent&apos;&gt;&quot;</highlight><highlight class="normal">);</highlight></codeline>
<codeline lineno="190"><highlight class="normal"><sp/><sp/><sp/><sp/><sp/><sp/><sp/><sp/><sp/><sp/><sp/><sp/>out.println(</highlight><highlight class="stringliteral">&quot;&lt;div<sp/>class=&apos;tab-pane<sp/>fade&apos;<sp/>id=&apos;contact&apos;<sp/>role=&apos;tabpanel&apos;<sp/>aria-labelledby=&apos;contact-tab&apos;&gt;&quot;</highlight><highlight class="normal">);</highlight></codeline>
<codeline lineno="191"><highlight class="normal"><sp/><sp/><sp/><sp/><sp/><sp/><sp/><sp/><sp/><sp/><sp/><sp/>out.println(</highlight><highlight class="stringliteral">&quot;&lt;div<sp/>class=&apos;row&apos;&gt;&quot;</highlight><highlight class="normal">);</highlight></codeline>
<codeline lineno="192"><highlight class="normal"><sp/><sp/><sp/><sp/><sp/><sp/><sp/><sp/><sp/><sp/><sp/><sp/>out.println(</highlight><highlight class="stringliteral">&quot;&quot;</highlight><highlight class="normal">);</highlight></codeline>
<codeline lineno="193"><highlight class="normal"><sp/><sp/><sp/><sp/><sp/><sp/><sp/><sp/><sp/><sp/><sp/><sp/>out.println(</highlight><highlight class="stringliteral">&quot;&lt;div<sp/>class=&apos;col-lg-6&apos;&gt;&quot;</highlight><highlight class="normal">);</highlight></codeline>
<codeline lineno="194"><highlight class="normal"><sp/><sp/><sp/><sp/><sp/><sp/><sp/><sp/><sp/><sp/><sp/><sp/>out.println(</highlight><highlight class="stringliteral">&quot;&quot;</highlight><highlight class="normal">);</highlight></codeline>
<codeline lineno="195"><highlight class="normal"><sp/><sp/><sp/><sp/><sp/><sp/><sp/><sp/><sp/><sp/><sp/><sp/>out.println(</highlight><highlight class="stringliteral">&quot;&lt;/div&gt;&quot;</highlight><highlight class="normal">);</highlight></codeline>
<codeline lineno="196"><highlight class="normal"><sp/><sp/><sp/><sp/><sp/><sp/><sp/><sp/><sp/><sp/><sp/><sp/>out.println(</highlight><highlight class="stringliteral">&quot;&lt;/div&gt;&quot;</highlight><highlight class="normal">);</highlight></codeline>
<codeline lineno="197"><highlight class="normal"><sp/><sp/><sp/><sp/><sp/><sp/><sp/><sp/><sp/><sp/><sp/><sp/>out.println(</highlight><highlight class="stringliteral">&quot;&lt;/div&gt;&quot;</highlight><highlight class="normal">);</highlight></codeline>
<codeline lineno="198"><highlight class="normal"><sp/><sp/><sp/><sp/><sp/><sp/><sp/><sp/><sp/><sp/><sp/><sp/>out.println(</highlight><highlight class="stringliteral">&quot;&lt;div<sp/>class=&apos;tab-pane<sp/>fade<sp/>show<sp/>active&apos;<sp/>id=&apos;review&apos;<sp/>role=&apos;tabpanel&apos;<sp/>aria-labelledby=&apos;review-tab&apos;&gt;&quot;</highlight><highlight class="normal">);</highlight></codeline>
<codeline lineno="199"><highlight class="normal"><sp/><sp/><sp/><sp/><sp/><sp/><sp/><sp/><sp/><sp/><sp/><sp/>out.println(</highlight><highlight class="stringliteral">&quot;&lt;div<sp/>class=&apos;row&apos;&gt;&quot;</highlight><highlight class="normal">);</highlight></codeline>
<codeline lineno="200"><highlight class="normal"><sp/><sp/><sp/><sp/><sp/><sp/><sp/><sp/><sp/><sp/><sp/><sp/>out.println(</highlight><highlight class="stringliteral">&quot;&lt;div<sp/>class=&apos;col-lg-6&apos;&gt;&quot;</highlight><highlight class="normal">);</highlight></codeline>
<codeline lineno="201"><highlight class="normal"><sp/><sp/><sp/><sp/><sp/><sp/><sp/><sp/><sp/><sp/><sp/><sp/>out.println(</highlight><highlight class="stringliteral">&quot;&lt;div<sp/>class=&apos;row<sp/>total_rate&apos;&gt;&quot;</highlight><highlight class="normal">);</highlight></codeline>
<codeline lineno="202"><highlight class="normal"><sp/><sp/><sp/><sp/><sp/><sp/><sp/><sp/><sp/><sp/><sp/><sp/>out.println(</highlight><highlight class="stringliteral">&quot;&lt;div<sp/>class=&apos;col-6&apos;&gt;&quot;</highlight><highlight class="normal">);</highlight></codeline>
<codeline lineno="203"><highlight class="normal"><sp/><sp/><sp/><sp/><sp/><sp/><sp/><sp/><sp/><sp/><sp/><sp/>out.println(</highlight><highlight class="stringliteral">&quot;&lt;div<sp/>class=&apos;box_total&apos;&gt;&quot;</highlight><highlight class="normal">);</highlight></codeline>
<codeline lineno="204"><highlight class="normal"><sp/><sp/><sp/><sp/><sp/><sp/><sp/><sp/><sp/><sp/><sp/><sp/>out.println(</highlight><highlight class="stringliteral">&quot;&lt;h5&gt;Overall&lt;/h5&gt;&quot;</highlight><highlight class="normal">);</highlight></codeline>
<codeline lineno="205"><highlight class="normal"><sp/><sp/><sp/><sp/><sp/><sp/><sp/><sp/><sp/><sp/><sp/><sp/>out.println(</highlight><highlight class="stringliteral">&quot;&lt;h6&gt;(03<sp/>Reviews)&lt;/h6&gt;&quot;</highlight><highlight class="normal">);</highlight></codeline>
<codeline lineno="206"><highlight class="normal"><sp/><sp/><sp/><sp/><sp/><sp/><sp/><sp/><sp/><sp/><sp/><sp/>out.println(</highlight><highlight class="stringliteral">&quot;&lt;/div&gt;&quot;</highlight><highlight class="normal">);</highlight></codeline>
<codeline lineno="207"><highlight class="normal"><sp/><sp/><sp/><sp/><sp/><sp/><sp/><sp/><sp/><sp/><sp/><sp/>out.println(</highlight><highlight class="stringliteral">&quot;&lt;/div&gt;&quot;</highlight><highlight class="normal">);</highlight></codeline>
<codeline lineno="208"><highlight class="normal"><sp/><sp/><sp/><sp/><sp/><sp/><sp/><sp/><sp/><sp/><sp/><sp/>out.println(</highlight><highlight class="stringliteral">&quot;&lt;/div&gt;&quot;</highlight><highlight class="normal">);</highlight></codeline>
<codeline lineno="209"><highlight class="normal"><sp/><sp/><sp/><sp/><sp/><sp/><sp/><sp/><sp/><sp/><sp/><sp/>out.println(</highlight><highlight class="stringliteral">&quot;&lt;div<sp/>class=&apos;review_list&apos;&gt;&quot;</highlight><highlight class="normal">);</highlight></codeline>
<codeline lineno="210"><highlight class="normal"><sp/><sp/><sp/><sp/><sp/><sp/><sp/><sp/><sp/><sp/><sp/><sp/>out.println(</highlight><highlight class="stringliteral">&quot;&lt;div<sp/>class=&apos;review_item&apos;&gt;&quot;</highlight><highlight class="normal">);</highlight></codeline>
<codeline lineno="211"><highlight class="normal"><sp/><sp/><sp/><sp/><sp/><sp/><sp/><sp/><sp/><sp/><sp/><sp/>out.println(</highlight><highlight class="stringliteral">&quot;&lt;div<sp/>class=&apos;media&apos;&gt;&quot;</highlight><highlight class="normal">);</highlight></codeline>
<codeline lineno="212"><highlight class="normal"><sp/><sp/><sp/><sp/><sp/><sp/><sp/><sp/><sp/><sp/><sp/><sp/>out.println(</highlight><highlight class="stringliteral">&quot;&quot;</highlight><highlight class="normal">);</highlight></codeline>
<codeline lineno="213"><highlight class="normal"><sp/><sp/><sp/><sp/><sp/><sp/><sp/><sp/><sp/><sp/><sp/><sp/>out.println(</highlight><highlight class="stringliteral">&quot;&lt;div<sp/>class=&apos;media-body&apos;&gt;&quot;</highlight><highlight class="normal">);</highlight></codeline>
<codeline lineno="214"><highlight class="normal"><sp/><sp/><sp/><sp/><sp/><sp/><sp/><sp/><sp/><sp/><sp/><sp/>out.println(</highlight><highlight class="stringliteral">&quot;&lt;h4&gt;Blake<sp/>Ruiz&lt;/h4&gt;&quot;</highlight><highlight class="normal">);</highlight></codeline>
<codeline lineno="215"><highlight class="normal"><sp/><sp/><sp/><sp/><sp/><sp/><sp/><sp/><sp/><sp/><sp/><sp/>out.println(</highlight><highlight class="stringliteral">&quot;&lt;/div&gt;&quot;</highlight><highlight class="normal">);</highlight></codeline>
<codeline lineno="216"><highlight class="normal"><sp/><sp/><sp/><sp/><sp/><sp/><sp/><sp/><sp/><sp/><sp/><sp/>out.println(</highlight><highlight class="stringliteral">&quot;&lt;/div&gt;&quot;</highlight><highlight class="normal">);</highlight></codeline>
<codeline lineno="217"><highlight class="normal"><sp/><sp/><sp/><sp/><sp/><sp/><sp/><sp/><sp/><sp/><sp/><sp/>out.println(</highlight><highlight class="stringliteral">&quot;&lt;p&gt;Lorem<sp/>ipsum<sp/>dolor<sp/>sit<sp/>amet,<sp/>consectetur<sp/>adipisicing<sp/>elit,<sp/>sed<sp/>do<sp/>eiusmod<sp/>tempor<sp/>incididunt<sp/>ut<sp/>labore<sp/>et&quot;</highlight><highlight class="normal">);</highlight></codeline>
<codeline lineno="218"><highlight class="normal"><sp/><sp/><sp/><sp/><sp/><sp/><sp/><sp/><sp/><sp/><sp/><sp/>out.println(</highlight><highlight class="stringliteral">&quot;dolore<sp/>magna<sp/>aliqua.<sp/>Ut<sp/>enim<sp/>ad<sp/>minim<sp/>veniam,<sp/>quis<sp/>nostrud<sp/>exercitation<sp/>ullamco<sp/>laboris<sp/>nisi<sp/>ut<sp/>aliquip<sp/>ex<sp/>ea&quot;</highlight><highlight class="normal">);</highlight></codeline>
<codeline lineno="219"><highlight class="normal"><sp/><sp/><sp/><sp/><sp/><sp/><sp/><sp/><sp/><sp/><sp/><sp/>out.println(</highlight><highlight class="stringliteral">&quot;commodo&lt;/p&gt;&quot;</highlight><highlight class="normal">);</highlight></codeline>
<codeline lineno="220"><highlight class="normal"><sp/><sp/><sp/><sp/><sp/><sp/><sp/><sp/><sp/><sp/><sp/><sp/>out.println(</highlight><highlight class="stringliteral">&quot;&lt;/div&gt;&quot;</highlight><highlight class="normal">);</highlight></codeline>
<codeline lineno="221"><highlight class="normal"><sp/><sp/><sp/><sp/><sp/><sp/><sp/><sp/><sp/><sp/><sp/><sp/>out.println(</highlight><highlight class="stringliteral">&quot;&lt;/div&gt;&quot;</highlight><highlight class="normal">);</highlight></codeline>
<codeline lineno="222"><highlight class="normal"><sp/><sp/><sp/><sp/><sp/><sp/><sp/><sp/><sp/><sp/><sp/><sp/>out.println(</highlight><highlight class="stringliteral">&quot;&lt;/div&gt;&quot;</highlight><highlight class="normal">);</highlight></codeline>
<codeline lineno="223"><highlight class="normal"><sp/><sp/><sp/><sp/><sp/><sp/><sp/><sp/><sp/><sp/><sp/><sp/>out.println(</highlight><highlight class="stringliteral">&quot;&lt;div<sp/>class=&apos;col-lg-6&apos;&gt;&quot;</highlight><highlight class="normal">);</highlight></codeline>
<codeline lineno="224"><highlight class="normal"><sp/><sp/><sp/><sp/><sp/><sp/><sp/><sp/><sp/><sp/><sp/><sp/>out.println(</highlight><highlight class="stringliteral">&quot;&lt;div<sp/>class=&apos;review_box&apos;&gt;&quot;</highlight><highlight class="normal">);</highlight></codeline>
<codeline lineno="225"><highlight class="normal"><sp/><sp/><sp/><sp/><sp/><sp/><sp/><sp/><sp/><sp/><sp/><sp/>out.println(</highlight><highlight class="stringliteral">&quot;&lt;h4&gt;Add<sp/>a<sp/>Review&lt;/h4&gt;&quot;</highlight><highlight class="normal">);</highlight></codeline>
<codeline lineno="226"><highlight class="normal"><sp/><sp/><sp/><sp/><sp/><sp/><sp/><sp/><sp/><sp/><sp/><sp/>out.println(</highlight><highlight class="stringliteral">&quot;&lt;form<sp/>action=&apos;#/&apos;<sp/>class=&apos;form-contact<sp/>form-review<sp/>mt-3&apos;&gt;&quot;</highlight><highlight class="normal">);</highlight></codeline>
<codeline lineno="227"><highlight class="normal"><sp/><sp/><sp/><sp/><sp/><sp/><sp/><sp/><sp/><sp/><sp/><sp/>out.println(</highlight><highlight class="stringliteral">&quot;&lt;div<sp/>class=&apos;form-group&apos;&gt;&quot;</highlight><highlight class="normal">);</highlight></codeline>
<codeline lineno="228"><highlight class="normal"><sp/><sp/><sp/><sp/><sp/><sp/><sp/><sp/><sp/><sp/><sp/><sp/>out.println(</highlight><highlight class="stringliteral">&quot;&lt;input<sp/>class=&apos;form-control&apos;<sp/>name=&apos;name&apos;<sp/>type=&apos;text&apos;<sp/>placeholder=&apos;Enter<sp/>your<sp/>name&apos;<sp/>required&gt;&quot;</highlight><highlight class="normal">);</highlight></codeline>
<codeline lineno="229"><highlight class="normal"><sp/><sp/><sp/><sp/><sp/><sp/><sp/><sp/><sp/><sp/><sp/><sp/>out.println(</highlight><highlight class="stringliteral">&quot;&lt;/div&gt;&quot;</highlight><highlight class="normal">);</highlight></codeline>
<codeline lineno="230"><highlight class="normal"><sp/><sp/><sp/><sp/><sp/><sp/><sp/><sp/><sp/><sp/><sp/><sp/>out.println(</highlight><highlight class="stringliteral">&quot;&lt;div<sp/>class=&apos;form-group&apos;&gt;&quot;</highlight><highlight class="normal">);</highlight></codeline>
<codeline lineno="231"><highlight class="normal"><sp/><sp/><sp/><sp/><sp/><sp/><sp/><sp/><sp/><sp/><sp/><sp/>out.println(</highlight><highlight class="stringliteral">&quot;&lt;div<sp/>class=&apos;form-group&apos;&gt;&quot;</highlight><highlight class="normal">);</highlight></codeline>
<codeline lineno="232"><highlight class="normal"><sp/><sp/><sp/><sp/><sp/><sp/><sp/><sp/><sp/><sp/><sp/><sp/>out.println(</highlight><highlight class="stringliteral">&quot;&lt;textarea<sp/>class=&apos;form-control<sp/>different-control<sp/>w-100&apos;<sp/>name=&apos;textarea&apos;<sp/>id=&apos;textarea&apos;<sp/>cols=&apos;30&apos;<sp/>rows=&apos;5&apos;<sp/>placeholder=&apos;Enter<sp/>Message&apos;&gt;&lt;/textarea&gt;&quot;</highlight><highlight class="normal">);</highlight></codeline>
<codeline lineno="233"><highlight class="normal"><sp/><sp/><sp/><sp/><sp/><sp/><sp/><sp/><sp/><sp/><sp/><sp/>out.println(</highlight><highlight class="stringliteral">&quot;&lt;/div&gt;&quot;</highlight><highlight class="normal">);</highlight></codeline>
<codeline lineno="234"><highlight class="normal"><sp/><sp/><sp/><sp/><sp/><sp/><sp/><sp/><sp/><sp/><sp/><sp/>out.println(</highlight><highlight class="stringliteral">&quot;&lt;div<sp/>class=&apos;form-group<sp/>text-center<sp/>text-md-right<sp/>mt-3&apos;&gt;&quot;</highlight><highlight class="normal">);</highlight></codeline>
<codeline lineno="235"><highlight class="normal"><sp/><sp/><sp/><sp/><sp/><sp/><sp/><sp/><sp/><sp/><sp/><sp/>out.println(</highlight><highlight class="stringliteral">&quot;&lt;button<sp/>type=&apos;submit&apos;<sp/>class=&apos;button<sp/>button--active<sp/>button-review&apos;&gt;Submit<sp/>Now&lt;/button&gt;&quot;</highlight><highlight class="normal">);</highlight></codeline>
<codeline lineno="236"><highlight class="normal"><sp/><sp/><sp/><sp/><sp/><sp/><sp/><sp/><sp/><sp/><sp/><sp/>out.println(</highlight><highlight class="stringliteral">&quot;&lt;/div&gt;&quot;</highlight><highlight class="normal">);</highlight></codeline>
<codeline lineno="237"><highlight class="normal"><sp/><sp/><sp/><sp/><sp/><sp/><sp/><sp/><sp/><sp/><sp/><sp/>out.println(</highlight><highlight class="stringliteral">&quot;&lt;/form&gt;&quot;</highlight><highlight class="normal">);</highlight></codeline>
<codeline lineno="238"><highlight class="normal"><sp/><sp/><sp/><sp/><sp/><sp/><sp/><sp/><sp/><sp/><sp/><sp/>out.println(</highlight><highlight class="stringliteral">&quot;&lt;/div&gt;&quot;</highlight><highlight class="normal">);</highlight></codeline>
<codeline lineno="239"><highlight class="normal"><sp/><sp/><sp/><sp/><sp/><sp/><sp/><sp/><sp/><sp/><sp/><sp/>out.println(</highlight><highlight class="stringliteral">&quot;&lt;/div&gt;&quot;</highlight><highlight class="normal">);</highlight></codeline>
<codeline lineno="240"><highlight class="normal"><sp/><sp/><sp/><sp/><sp/><sp/><sp/><sp/><sp/><sp/><sp/><sp/>out.println(</highlight><highlight class="stringliteral">&quot;&lt;/div&gt;&quot;</highlight><highlight class="normal">);</highlight></codeline>
<codeline lineno="241"><highlight class="normal"><sp/><sp/><sp/><sp/><sp/><sp/><sp/><sp/><sp/><sp/><sp/><sp/>out.println(</highlight><highlight class="stringliteral">&quot;&lt;/div&gt;&quot;</highlight><highlight class="normal">);</highlight></codeline>
<codeline lineno="242"><highlight class="normal"><sp/><sp/><sp/><sp/><sp/><sp/><sp/><sp/><sp/><sp/><sp/><sp/>out.println(</highlight><highlight class="stringliteral">&quot;&lt;/div&gt;&quot;</highlight><highlight class="normal">);</highlight></codeline>
<codeline lineno="243"><highlight class="normal"><sp/><sp/><sp/><sp/><sp/><sp/><sp/><sp/><sp/><sp/><sp/><sp/>out.println(</highlight><highlight class="stringliteral">&quot;&lt;/div&gt;&quot;</highlight><highlight class="normal">);</highlight></codeline>
<codeline lineno="244"><highlight class="normal"><sp/><sp/><sp/><sp/><sp/><sp/><sp/><sp/><sp/><sp/><sp/><sp/>out.println(</highlight><highlight class="stringliteral">&quot;&lt;/section&gt;&quot;</highlight><highlight class="normal">);</highlight></codeline>
<codeline lineno="245"><highlight class="normal"><sp/><sp/><sp/><sp/><sp/><sp/><sp/><sp/><sp/><sp/><sp/><sp/>out.println(</highlight><highlight class="stringliteral">&quot;&lt;footer&gt;&quot;</highlight><highlight class="normal">);</highlight></codeline>
<codeline lineno="246"><highlight class="normal"><sp/><sp/><sp/><sp/><sp/><sp/><sp/><sp/><sp/><sp/><sp/><sp/>out.println(</highlight><highlight class="stringliteral">&quot;&lt;div<sp/>class=&apos;footer-bottom&apos;&gt;&quot;</highlight><highlight class="normal">);</highlight></codeline>
<codeline lineno="247"><highlight class="normal"><sp/><sp/><sp/><sp/><sp/><sp/><sp/><sp/><sp/><sp/><sp/><sp/>out.println(</highlight><highlight class="stringliteral">&quot;&lt;div<sp/>class=&apos;container&apos;&gt;&quot;</highlight><highlight class="normal">);</highlight></codeline>
<codeline lineno="248"><highlight class="normal"><sp/><sp/><sp/><sp/><sp/><sp/><sp/><sp/><sp/><sp/><sp/><sp/>out.println(</highlight><highlight class="stringliteral">&quot;&lt;div<sp/>class=&apos;row<sp/>d-flex&apos;&gt;&quot;</highlight><highlight class="normal">);</highlight></codeline>
<codeline lineno="249"><highlight class="normal"><sp/><sp/><sp/><sp/><sp/><sp/><sp/><sp/><sp/><sp/><sp/><sp/>out.println(</highlight><highlight class="stringliteral">&quot;&lt;p<sp/>class=&apos;col-lg-12<sp/>footer-text<sp/>text-center&apos;&gt;&quot;</highlight><highlight class="normal">);</highlight></codeline>
<codeline lineno="250"><highlight class="normal"><sp/><sp/><sp/><sp/><sp/><sp/><sp/><sp/><sp/><sp/><sp/><sp/>out.println(</highlight><highlight class="stringliteral">&quot;&lt;!--<sp/>Link<sp/>back<sp/>to<sp/>Colorlib<sp/>can&apos;t<sp/>be<sp/>removed.<sp/>Template<sp/>is<sp/>licensed<sp/>under<sp/>CC<sp/>BY<sp/>3.0.<sp/>--&gt;&quot;</highlight><highlight class="normal">);</highlight></codeline>
<codeline lineno="251"><highlight class="normal"><sp/><sp/><sp/><sp/><sp/><sp/><sp/><sp/><sp/><sp/><sp/><sp/>out.println(</highlight><highlight class="stringliteral">&quot;Copyright<sp/>&amp;copy;&lt;script&gt;document.write(new<sp/>Date().getFullYear());&lt;/script&gt;<sp/>All<sp/>rights<sp/>reserved<sp/>|<sp/>This<sp/>template<sp/>is<sp/>made<sp/>with<sp/>&lt;i<sp/>class=&apos;fa<sp/>fa-heart&apos;<sp/>aria-hidden=&apos;true&apos;&gt;&lt;/i&gt;<sp/>by<sp/>&lt;a<sp/>href=&apos;https://colorlib.com&apos;<sp/>target=&apos;_blank&apos;&gt;Colorlib&lt;/a&gt;&quot;</highlight><highlight class="normal">);</highlight></codeline>
<codeline lineno="252"><highlight class="normal"><sp/><sp/><sp/><sp/><sp/><sp/><sp/><sp/><sp/><sp/><sp/><sp/>out.println(</highlight><highlight class="stringliteral">&quot;&lt;!--<sp/>Link<sp/>back<sp/>to<sp/>Colorlib<sp/>can&apos;t<sp/>be<sp/>removed.<sp/>Template<sp/>is<sp/>licensed<sp/>under<sp/>CC<sp/>BY<sp/>3.0.<sp/>--&gt;&lt;/p&gt;&quot;</highlight><highlight class="normal">);</highlight></codeline>
<codeline lineno="253"><highlight class="normal"><sp/><sp/><sp/><sp/><sp/><sp/><sp/><sp/><sp/><sp/><sp/><sp/>out.println(</highlight><highlight class="stringliteral">&quot;&lt;/div&gt;&quot;</highlight><highlight class="normal">);</highlight></codeline>
<codeline lineno="254"><highlight class="normal"><sp/><sp/><sp/><sp/><sp/><sp/><sp/><sp/><sp/><sp/><sp/><sp/>out.println(</highlight><highlight class="stringliteral">&quot;&lt;/div&gt;&quot;</highlight><highlight class="normal">);</highlight></codeline>
<codeline lineno="255"><highlight class="normal"><sp/><sp/><sp/><sp/><sp/><sp/><sp/><sp/><sp/><sp/><sp/><sp/>out.println(</highlight><highlight class="stringliteral">&quot;&lt;/div&gt;&quot;</highlight><highlight class="normal">);</highlight></codeline>
<codeline lineno="256"><highlight class="normal"><sp/><sp/><sp/><sp/><sp/><sp/><sp/><sp/><sp/><sp/><sp/><sp/>out.println(</highlight><highlight class="stringliteral">&quot;&lt;/footer&gt;&quot;</highlight><highlight class="normal">);</highlight></codeline>
<codeline lineno="257"><highlight class="normal"><sp/><sp/><sp/><sp/><sp/><sp/><sp/><sp/><sp/><sp/><sp/><sp/>out.println(</highlight><highlight class="stringliteral">&quot;&lt;!--================<sp/>End<sp/>footer<sp/>Area<sp/><sp/>=================--&gt;&quot;</highlight><highlight class="normal">);</highlight></codeline>
<codeline lineno="258"><highlight class="normal"><sp/><sp/><sp/><sp/><sp/><sp/><sp/><sp/><sp/><sp/><sp/><sp/>out.println(</highlight><highlight class="stringliteral">&quot;&quot;</highlight><highlight class="normal">);</highlight></codeline>
<codeline lineno="259"><highlight class="normal"><sp/><sp/><sp/><sp/><sp/><sp/><sp/><sp/><sp/><sp/><sp/><sp/>out.println(</highlight><highlight class="stringliteral">&quot;&quot;</highlight><highlight class="normal">);</highlight></codeline>
<codeline lineno="260"><highlight class="normal"><sp/><sp/><sp/><sp/><sp/><sp/><sp/><sp/><sp/><sp/><sp/><sp/>out.println(</highlight><highlight class="stringliteral">&quot;&quot;</highlight><highlight class="normal">);</highlight></codeline>
<codeline lineno="261"><highlight class="normal"><sp/><sp/><sp/><sp/><sp/><sp/><sp/><sp/><sp/><sp/><sp/><sp/>out.println(</highlight><highlight class="stringliteral">&quot;&lt;script<sp/>src=&apos;vendors/jquery/jquery-3.2.1.min.js&apos;&gt;&lt;/script&gt;&quot;</highlight><highlight class="normal">);</highlight></codeline>
<codeline lineno="262"><highlight class="normal"><sp/><sp/><sp/><sp/><sp/><sp/><sp/><sp/><sp/><sp/><sp/><sp/>out.println(</highlight><highlight class="stringliteral">&quot;&lt;script<sp/>src=&apos;vendors/bootstrap/bootstrap.bundle.min.js&apos;&gt;&lt;/script&gt;&quot;</highlight><highlight class="normal">);</highlight></codeline>
<codeline lineno="263"><highlight class="normal"><sp/><sp/><sp/><sp/><sp/><sp/><sp/><sp/><sp/><sp/><sp/><sp/>out.println(</highlight><highlight class="stringliteral">&quot;&lt;script<sp/>src=&apos;vendors/skrollr.min.js&apos;&gt;&lt;/script&gt;&quot;</highlight><highlight class="normal">);</highlight></codeline>
<codeline lineno="264"><highlight class="normal"><sp/><sp/><sp/><sp/><sp/><sp/><sp/><sp/><sp/><sp/><sp/><sp/>out.println(</highlight><highlight class="stringliteral">&quot;&lt;script<sp/>src=&apos;vendors/owl-carousel/owl.carousel.min.js&apos;&gt;&lt;/script&gt;&quot;</highlight><highlight class="normal">);</highlight></codeline>
<codeline lineno="265"><highlight class="normal"><sp/><sp/><sp/><sp/><sp/><sp/><sp/><sp/><sp/><sp/><sp/><sp/>out.println(</highlight><highlight class="stringliteral">&quot;&lt;script<sp/>src=&apos;vendors/nice-select/jquery.nice-select.min.js&apos;&gt;&lt;/script&gt;&quot;</highlight><highlight class="normal">);</highlight></codeline>
<codeline lineno="266"><highlight class="normal"><sp/><sp/><sp/><sp/><sp/><sp/><sp/><sp/><sp/><sp/><sp/><sp/>out.println(</highlight><highlight class="stringliteral">&quot;&lt;script<sp/>src=&apos;vendors/jquery.ajaxchimp.min.js&apos;&gt;&lt;/script&gt;&quot;</highlight><highlight class="normal">);</highlight></codeline>
<codeline lineno="267"><highlight class="normal"><sp/><sp/><sp/><sp/><sp/><sp/><sp/><sp/><sp/><sp/><sp/><sp/>out.println(</highlight><highlight class="stringliteral">&quot;&lt;script<sp/>src=&apos;vendors/mail-script.js&apos;&gt;&lt;/script&gt;&quot;</highlight><highlight class="normal">);</highlight></codeline>
<codeline lineno="268"><highlight class="normal"><sp/><sp/><sp/><sp/><sp/><sp/><sp/><sp/><sp/><sp/><sp/><sp/>out.println(</highlight><highlight class="stringliteral">&quot;&lt;script<sp/>src=&apos;js/main.js&apos;&gt;&lt;/script&gt;&quot;</highlight><highlight class="normal">);</highlight></codeline>
<codeline lineno="269"><highlight class="normal"><sp/><sp/><sp/><sp/><sp/><sp/><sp/><sp/><sp/><sp/><sp/><sp/>out.println(</highlight><highlight class="stringliteral">&quot;&lt;/body&gt;&quot;</highlight><highlight class="normal">);</highlight></codeline>
<codeline lineno="270"><highlight class="normal"><sp/><sp/><sp/><sp/><sp/><sp/><sp/><sp/><sp/><sp/><sp/><sp/>out.println(</highlight><highlight class="stringliteral">&quot;&lt;/html&gt;&quot;</highlight><highlight class="normal">);</highlight></codeline>
<codeline lineno="271"><highlight class="normal"></highlight></codeline>
<codeline lineno="272"><highlight class="normal"><sp/><sp/><sp/><sp/><sp/><sp/><sp/><sp/>}</highlight></codeline>
<codeline lineno="273"><highlight class="normal"><sp/><sp/><sp/><sp/>}</highlight></codeline>
<codeline lineno="274"><highlight class="normal"></highlight></codeline>
<codeline lineno="275"><highlight class="normal"><sp/><sp/><sp/><sp/></highlight><highlight class="comment">//<sp/>&lt;editor-fold<sp/>defaultstate=&quot;collapsed&quot;<sp/>desc=&quot;HttpServlet<sp/>methods.<sp/>Click<sp/>on<sp/>the<sp/>+<sp/>sign<sp/>on<sp/>the<sp/>left<sp/>to<sp/>edit<sp/>the<sp/>code.&quot;&gt;</highlight></codeline>
<codeline lineno="284"><highlight class="comment"></highlight><highlight class="normal"><sp/><sp/><sp/><sp/>@Override</highlight></codeline>
<codeline lineno="285" refid="class_product_details_servlet_1a802fc18615a1ded87cce7a4a821e179f" refkind="member"><highlight class="normal"><sp/><sp/><sp/><sp/></highlight><highlight class="keyword">protected</highlight><highlight class="normal"><sp/></highlight><highlight class="keywordtype">void</highlight><highlight class="normal"><sp/><ref refid="class_product_details_servlet_1a802fc18615a1ded87cce7a4a821e179f" kindref="member">doGet</ref>(HttpServletRequest<sp/>request,<sp/>HttpServletResponse<sp/>response)</highlight></codeline>
<codeline lineno="286"><highlight class="normal"><sp/><sp/><sp/><sp/><sp/><sp/><sp/><sp/><sp/><sp/><sp/><sp/></highlight><highlight class="keywordflow">throws</highlight><highlight class="normal"><sp/>ServletException,<sp/>IOException<sp/>{</highlight></codeline>
<codeline lineno="287"><highlight class="normal"><sp/><sp/><sp/><sp/><sp/><sp/><sp/><sp/><ref refid="class_product_details_servlet_1a1da6975765e1785e6152905ec5fbcd2d" kindref="member">processRequest</ref>(request,<sp/>response);</highlight></codeline>
<codeline lineno="288"><highlight class="normal"><sp/><sp/><sp/><sp/>}</highlight></codeline>
<codeline lineno="289"><highlight class="normal"></highlight></codeline>
<codeline lineno="298"><highlight class="normal"><sp/><sp/><sp/><sp/>@Override</highlight></codeline>
<codeline lineno="299" refid="class_product_details_servlet_1a27e8e3ffb9bd8315e0a9f5c459fb789d" refkind="member"><highlight class="normal"><sp/><sp/><sp/><sp/></highlight><highlight class="keyword">protected</highlight><highlight class="normal"><sp/></highlight><highlight class="keywordtype">void</highlight><highlight class="normal"><sp/><ref refid="class_product_details_servlet_1a27e8e3ffb9bd8315e0a9f5c459fb789d" kindref="member">doPost</ref>(HttpServletRequest<sp/>request,<sp/>HttpServletResponse<sp/>response)</highlight></codeline>
<codeline lineno="300"><highlight class="normal"><sp/><sp/><sp/><sp/><sp/><sp/><sp/><sp/><sp/><sp/><sp/><sp/></highlight><highlight class="keywordflow">throws</highlight><highlight class="normal"><sp/>ServletException,<sp/>IOException<sp/>{</highlight></codeline>
<codeline lineno="301"><highlight class="normal"><sp/><sp/><sp/><sp/><sp/><sp/><sp/><sp/><ref refid="class_product_details_servlet_1a1da6975765e1785e6152905ec5fbcd2d" kindref="member">processRequest</ref>(request,<sp/>response);</highlight></codeline>
<codeline lineno="302"><highlight class="normal"><sp/><sp/><sp/><sp/>}</highlight></codeline>
<codeline lineno="303"><highlight class="normal"></highlight></codeline>
<codeline lineno="309"><highlight class="normal"><sp/><sp/><sp/><sp/>@Override</highlight></codeline>
<codeline lineno="310" refid="class_product_details_servlet_1a19cbce0c3822e37fac263d0f5ec4a5c0" refkind="member"><highlight class="normal"><sp/><sp/><sp/><sp/></highlight><highlight class="keyword">public</highlight><highlight class="normal"><sp/>String<sp/><ref refid="class_product_details_servlet_1a19cbce0c3822e37fac263d0f5ec4a5c0" kindref="member">getServletInfo</ref>()<sp/>{</highlight></codeline>
<codeline lineno="311"><highlight class="normal"><sp/><sp/><sp/><sp/><sp/><sp/><sp/><sp/></highlight><highlight class="keywordflow">return</highlight><highlight class="normal"><sp/></highlight><highlight class="stringliteral">&quot;Short<sp/>description&quot;</highlight><highlight class="normal">;</highlight></codeline>
<codeline lineno="312"><highlight class="normal"><sp/><sp/><sp/><sp/>}</highlight><highlight class="comment">//<sp/>&lt;/editor-fold&gt;</highlight><highlight class="normal"></highlight></codeline>
<codeline lineno="313"><highlight class="normal"></highlight></codeline>
<codeline lineno="314"><highlight class="normal">}</highlight></codeline>
    </programlisting>
    <location file="src/java/ProductDetailsServlet.java"/>
  </compounddef>
</doxygen>
