<?xml version='1.0' encoding='UTF-8' standalone='no'?>
<doxygen xmlns:xsi="http://www.w3.org/2001/XMLSchema-instance" xsi:noNamespaceSchemaLocation="compound.xsd" version="1.8.15">
  <compounddef id="_welcome_servelet_8java" kind="file" language="Java">
    <compoundname>WelcomeServelet.java</compoundname>
    <innerclass refid="class_welcome_servelet" prot="public">WelcomeServelet</innerclass>
    <briefdescription>
    </briefdescription>
    <detaileddescription>
    </detaileddescription>
    <programlisting>
<codeline lineno="1"><highlight class="comment">/*</highlight></codeline>
<codeline lineno="2"><highlight class="comment"><sp/>*<sp/>To<sp/>change<sp/>this<sp/>license<sp/>header,<sp/>choose<sp/>License<sp/>Headers<sp/>in<sp/>Project<sp/>Properties.</highlight></codeline>
<codeline lineno="3"><highlight class="comment"><sp/>*<sp/>To<sp/>change<sp/>this<sp/>template<sp/>file,<sp/>choose<sp/>Tools<sp/>|<sp/>Templates</highlight></codeline>
<codeline lineno="4"><highlight class="comment"><sp/>*<sp/>and<sp/>open<sp/>the<sp/>template<sp/>in<sp/>the<sp/>editor.</highlight></codeline>
<codeline lineno="5"><highlight class="comment"><sp/>*/</highlight><highlight class="normal"></highlight></codeline>
<codeline lineno="6"><highlight class="normal"></highlight></codeline>
<codeline lineno="7"><highlight class="normal"></highlight><highlight class="keyword">import</highlight><highlight class="normal"><sp/>java.io.IOException;</highlight></codeline>
<codeline lineno="8"><highlight class="normal"></highlight><highlight class="keyword">import</highlight><highlight class="normal"><sp/>java.io.PrintWriter;</highlight></codeline>
<codeline lineno="9"><highlight class="normal"></highlight><highlight class="keyword">import</highlight><highlight class="normal"><sp/>java.sql.Date;</highlight></codeline>
<codeline lineno="10"><highlight class="normal"></highlight><highlight class="keyword">import</highlight><highlight class="normal"><sp/>javax.servlet.ServletException;</highlight></codeline>
<codeline lineno="11"><highlight class="normal"></highlight><highlight class="keyword">import</highlight><highlight class="normal"><sp/>javax.servlet.annotation.WebServlet;</highlight></codeline>
<codeline lineno="12"><highlight class="normal"></highlight><highlight class="keyword">import</highlight><highlight class="normal"><sp/>javax.servlet.http.HttpServlet;</highlight></codeline>
<codeline lineno="13"><highlight class="normal"></highlight><highlight class="keyword">import</highlight><highlight class="normal"><sp/>javax.servlet.http.HttpServletRequest;</highlight></codeline>
<codeline lineno="14"><highlight class="normal"></highlight><highlight class="keyword">import</highlight><highlight class="normal"><sp/>javax.servlet.http.HttpServletResponse;</highlight></codeline>
<codeline lineno="15"><highlight class="normal"></highlight><highlight class="keyword">import</highlight><highlight class="normal"><sp/>javax.servlet.http.HttpSession;</highlight></codeline>
<codeline lineno="16"><highlight class="normal"></highlight></codeline>
<codeline lineno="21"><highlight class="normal">@WebServlet(urlPatterns<sp/>=<sp/>{</highlight><highlight class="stringliteral">&quot;/WelcomeServelet&quot;</highlight><highlight class="normal">})</highlight></codeline>
<codeline lineno="22" refid="class_welcome_servelet" refkind="compound"><highlight class="normal"></highlight><highlight class="keyword">public</highlight><highlight class="normal"><sp/></highlight><highlight class="keyword">class</highlight><highlight class="normal"><sp/><ref refid="class_welcome_servelet" kindref="compound">WelcomeServelet</ref><sp/>extends<sp/>HttpServlet<sp/>{</highlight></codeline>
<codeline lineno="23"><highlight class="normal"></highlight></codeline>
<codeline lineno="33" refid="class_welcome_servelet_1afde59590274b4c3f95446e9f08fea5ef" refkind="member"><highlight class="normal"><sp/><sp/><sp/><sp/></highlight><highlight class="keyword">protected</highlight><highlight class="normal"><sp/></highlight><highlight class="keywordtype">void</highlight><highlight class="normal"><sp/><ref refid="class_welcome_servelet_1afde59590274b4c3f95446e9f08fea5ef" kindref="member">processRequest</ref>(HttpServletRequest<sp/>request,<sp/>HttpServletResponse<sp/>response)</highlight></codeline>
<codeline lineno="34"><highlight class="normal"><sp/><sp/><sp/><sp/><sp/><sp/><sp/><sp/><sp/><sp/><sp/><sp/></highlight><highlight class="keywordflow">throws</highlight><highlight class="normal"><sp/>ServletException,<sp/>IOException<sp/>{</highlight></codeline>
<codeline lineno="35"><highlight class="normal"><sp/><sp/><sp/><sp/><sp/><sp/><sp/><sp/>response.setContentType(</highlight><highlight class="stringliteral">&quot;text/html;charset=UTF-8&quot;</highlight><highlight class="normal">);</highlight></codeline>
<codeline lineno="36"><highlight class="normal"><sp/><sp/><sp/><sp/><sp/><sp/><sp/><sp/></highlight><highlight class="comment">//<sp/>Create<sp/>a<sp/>session<sp/>object<sp/>if<sp/>it<sp/>is<sp/>already<sp/>not<sp/><sp/>created.</highlight><highlight class="normal"></highlight></codeline>
<codeline lineno="37"><highlight class="normal"><sp/><sp/><sp/><sp/><sp/><sp/><sp/><sp/>HttpSession<sp/>session<sp/>=<sp/>request.getSession(</highlight><highlight class="keyword">true</highlight><highlight class="normal">);</highlight></codeline>
<codeline lineno="38"><highlight class="normal"></highlight></codeline>
<codeline lineno="39"><highlight class="normal"><sp/><sp/><sp/><sp/><sp/><sp/><sp/><sp/></highlight><highlight class="comment">//<sp/>Get<sp/>session<sp/>creation<sp/>time.</highlight><highlight class="normal"></highlight></codeline>
<codeline lineno="40"><highlight class="normal"><sp/><sp/><sp/><sp/><sp/><sp/><sp/><sp/>Date<sp/>createTime<sp/>=<sp/></highlight><highlight class="keyword">new</highlight><highlight class="normal"><sp/>Date(session.getCreationTime());</highlight></codeline>
<codeline lineno="41"><highlight class="normal"></highlight></codeline>
<codeline lineno="42"><highlight class="normal"><sp/><sp/><sp/><sp/><sp/><sp/><sp/><sp/></highlight><highlight class="comment">//<sp/>Get<sp/>last<sp/>access<sp/>time<sp/>of<sp/>this<sp/>web<sp/>page.</highlight><highlight class="normal"></highlight></codeline>
<codeline lineno="43"><highlight class="normal"><sp/><sp/><sp/><sp/><sp/><sp/><sp/><sp/>Date<sp/>lastAccessTime<sp/>=<sp/></highlight><highlight class="keyword">new</highlight><highlight class="normal"><sp/>Date(session.getLastAccessedTime());</highlight></codeline>
<codeline lineno="44"><highlight class="normal"></highlight></codeline>
<codeline lineno="45"><highlight class="normal"><sp/><sp/><sp/><sp/><sp/><sp/><sp/><sp/>String<sp/>title<sp/>=<sp/></highlight><highlight class="stringliteral">&quot;Welcome<sp/>Back<sp/>to<sp/>my<sp/>website&quot;</highlight><highlight class="normal">;</highlight></codeline>
<codeline lineno="46"><highlight class="normal"><sp/><sp/><sp/><sp/><sp/><sp/><sp/><sp/>Integer<sp/>visitCount<sp/>=<sp/></highlight><highlight class="keyword">new</highlight><highlight class="normal"><sp/>Integer(0);</highlight></codeline>
<codeline lineno="47"><highlight class="normal"><sp/><sp/><sp/><sp/><sp/><sp/><sp/><sp/>String<sp/>visitCountKey<sp/>=<sp/></highlight><highlight class="keyword">new</highlight><highlight class="normal"><sp/>String(</highlight><highlight class="stringliteral">&quot;visitCount&quot;</highlight><highlight class="normal">);</highlight></codeline>
<codeline lineno="48"><highlight class="normal"><sp/><sp/><sp/><sp/><sp/><sp/><sp/><sp/>String<sp/>userIDKey<sp/>=<sp/></highlight><highlight class="keyword">new</highlight><highlight class="normal"><sp/>String(</highlight><highlight class="stringliteral">&quot;userID&quot;</highlight><highlight class="normal">);</highlight></codeline>
<codeline lineno="49"><highlight class="normal"><sp/><sp/><sp/><sp/><sp/><sp/><sp/><sp/>String<sp/>userID<sp/>=<sp/></highlight><highlight class="keyword">new</highlight><highlight class="normal"><sp/>String(</highlight><highlight class="stringliteral">&quot;ABCD&quot;</highlight><highlight class="normal">);</highlight></codeline>
<codeline lineno="50"><highlight class="normal"></highlight></codeline>
<codeline lineno="51"><highlight class="normal"><sp/><sp/><sp/><sp/><sp/><sp/><sp/><sp/></highlight><highlight class="comment">//<sp/>Check<sp/>if<sp/>this<sp/>is<sp/>new<sp/>comer<sp/>on<sp/>your<sp/>web<sp/>page.</highlight><highlight class="normal"></highlight></codeline>
<codeline lineno="52"><highlight class="normal"><sp/><sp/><sp/><sp/><sp/><sp/><sp/><sp/></highlight><highlight class="keywordflow">if</highlight><highlight class="normal"><sp/>(session.isNew())<sp/>{</highlight></codeline>
<codeline lineno="53"><highlight class="normal"><sp/><sp/><sp/><sp/><sp/><sp/><sp/><sp/><sp/><sp/><sp/><sp/>String<sp/>site<sp/>=<sp/></highlight><highlight class="keyword">new</highlight><highlight class="normal"><sp/>String(</highlight><highlight class="stringliteral">&quot;http://localhost:8080/WebApplication1/index.html&quot;</highlight><highlight class="normal">);</highlight></codeline>
<codeline lineno="54"><highlight class="normal"></highlight></codeline>
<codeline lineno="55"><highlight class="normal"><sp/><sp/><sp/><sp/><sp/><sp/><sp/><sp/><sp/><sp/><sp/><sp/>response.setStatus(response.SC_MOVED_TEMPORARILY);</highlight></codeline>
<codeline lineno="56"><highlight class="normal"><sp/><sp/><sp/><sp/><sp/><sp/><sp/><sp/><sp/><sp/><sp/><sp/>response.setHeader(</highlight><highlight class="stringliteral">&quot;Location&quot;</highlight><highlight class="normal">,<sp/>site);</highlight></codeline>
<codeline lineno="57"><highlight class="normal"><sp/><sp/><sp/><sp/><sp/><sp/><sp/><sp/>}<sp/></highlight><highlight class="keywordflow">else</highlight><highlight class="normal"><sp/>{</highlight></codeline>
<codeline lineno="58"><highlight class="normal"><sp/><sp/><sp/><sp/><sp/><sp/><sp/><sp/><sp/><sp/><sp/><sp/>String<sp/>site<sp/>=<sp/></highlight><highlight class="keyword">new</highlight><highlight class="normal"><sp/>String(</highlight><highlight class="stringliteral">&quot;http://localhost:8080/WebApplication1/home.html&quot;</highlight><highlight class="normal">);</highlight></codeline>
<codeline lineno="59"><highlight class="normal"></highlight></codeline>
<codeline lineno="60"><highlight class="normal"><sp/><sp/><sp/><sp/><sp/><sp/><sp/><sp/><sp/><sp/><sp/><sp/>response.setStatus(response.SC_MOVED_TEMPORARILY);</highlight></codeline>
<codeline lineno="61"><highlight class="normal"><sp/><sp/><sp/><sp/><sp/><sp/><sp/><sp/><sp/><sp/><sp/><sp/>response.setHeader(</highlight><highlight class="stringliteral">&quot;Location&quot;</highlight><highlight class="normal">,<sp/>site);</highlight></codeline>
<codeline lineno="62"><highlight class="normal"><sp/><sp/><sp/><sp/><sp/><sp/><sp/><sp/>}</highlight></codeline>
<codeline lineno="63"><highlight class="normal"><sp/><sp/><sp/><sp/><sp/><sp/><sp/><sp/>session.setAttribute(visitCountKey,<sp/>visitCount);</highlight></codeline>
<codeline lineno="64"><highlight class="normal"></highlight></codeline>
<codeline lineno="65"><highlight class="normal"><sp/><sp/><sp/><sp/><sp/><sp/><sp/><sp/></highlight><highlight class="comment">//<sp/>Set<sp/>response<sp/>content<sp/>type</highlight><highlight class="normal"></highlight></codeline>
<codeline lineno="66"><highlight class="normal"><sp/><sp/><sp/><sp/><sp/><sp/><sp/><sp/>response.setContentType(</highlight><highlight class="stringliteral">&quot;text/html&quot;</highlight><highlight class="normal">);</highlight></codeline>
<codeline lineno="67"><highlight class="normal"><sp/><sp/><sp/><sp/><sp/><sp/><sp/><sp/>PrintWriter<sp/>out<sp/>=<sp/>response.getWriter();</highlight></codeline>
<codeline lineno="68"><highlight class="normal"></highlight></codeline>
<codeline lineno="69"><highlight class="normal"><sp/><sp/><sp/><sp/><sp/></highlight></codeline>
<codeline lineno="70"><highlight class="normal"><sp/><sp/><sp/><sp/><sp/><sp/><sp/><sp/><sp/><sp/><sp/><sp/></highlight><highlight class="comment">/*<sp/>TODO<sp/>output<sp/>your<sp/>page<sp/>here.<sp/>You<sp/>may<sp/>use<sp/>following<sp/>sample<sp/>code.<sp/>*/</highlight><highlight class="normal"></highlight></codeline>
<codeline lineno="71"><highlight class="normal"><sp/><sp/><sp/><sp/><sp/><sp/><sp/><sp/><sp/><sp/><sp/><sp/>out.println(</highlight><highlight class="stringliteral">&quot;&lt;!DOCTYPE<sp/>html&gt;&quot;</highlight><highlight class="normal">);</highlight></codeline>
<codeline lineno="72"><highlight class="normal"><sp/><sp/><sp/><sp/><sp/><sp/><sp/><sp/><sp/><sp/><sp/><sp/>out.println(</highlight><highlight class="stringliteral">&quot;&lt;html&gt;&quot;</highlight><highlight class="normal">);</highlight></codeline>
<codeline lineno="73"><highlight class="normal"><sp/><sp/><sp/><sp/><sp/><sp/><sp/><sp/><sp/><sp/><sp/><sp/>out.println(</highlight><highlight class="stringliteral">&quot;&lt;head&gt;&quot;</highlight><highlight class="normal">);</highlight></codeline>
<codeline lineno="74"><highlight class="normal"><sp/><sp/><sp/><sp/><sp/><sp/><sp/><sp/><sp/><sp/><sp/><sp/>out.println(</highlight><highlight class="stringliteral">&quot;&lt;title&gt;Servlet<sp/>WelcomeServelet&lt;/title&gt;&quot;</highlight><highlight class="normal">);<sp/><sp/><sp/><sp/><sp/><sp/><sp/><sp/><sp/><sp/><sp/><sp/></highlight></codeline>
<codeline lineno="75"><highlight class="normal"><sp/><sp/><sp/><sp/><sp/><sp/><sp/><sp/><sp/><sp/><sp/><sp/>out.println(</highlight><highlight class="stringliteral">&quot;&lt;/head&gt;&quot;</highlight><highlight class="normal">);</highlight></codeline>
<codeline lineno="76"><highlight class="normal"><sp/><sp/><sp/><sp/><sp/><sp/><sp/><sp/><sp/><sp/><sp/><sp/>out.println(</highlight><highlight class="stringliteral">&quot;&lt;body&gt;&quot;</highlight><highlight class="normal">);</highlight></codeline>
<codeline lineno="77"><highlight class="normal"><sp/><sp/><sp/><sp/><sp/><sp/><sp/><sp/><sp/><sp/><sp/><sp/>out.println(</highlight><highlight class="stringliteral">&quot;&lt;h1&gt;Servlet<sp/>WelcomeServelet<sp/>at<sp/>&quot;</highlight><highlight class="normal"><sp/>+<sp/>request.getContextPath()<sp/>+<sp/></highlight><highlight class="stringliteral">&quot;&lt;/h1&gt;&quot;</highlight><highlight class="normal">);</highlight></codeline>
<codeline lineno="78"><highlight class="normal"><sp/><sp/><sp/><sp/><sp/><sp/><sp/><sp/><sp/><sp/><sp/><sp/>out.println(</highlight><highlight class="stringliteral">&quot;&lt;/body&gt;&quot;</highlight><highlight class="normal">);</highlight></codeline>
<codeline lineno="79"><highlight class="normal"><sp/><sp/><sp/><sp/><sp/><sp/><sp/><sp/><sp/><sp/><sp/><sp/>out.println(</highlight><highlight class="stringliteral">&quot;&lt;/html&gt;&quot;</highlight><highlight class="normal">);</highlight></codeline>
<codeline lineno="80"><highlight class="normal"><sp/><sp/><sp/><sp/><sp/><sp/><sp/><sp/></highlight></codeline>
<codeline lineno="81"><highlight class="normal"><sp/><sp/><sp/><sp/>}</highlight></codeline>
<codeline lineno="82"><highlight class="normal"></highlight></codeline>
<codeline lineno="83"><highlight class="normal"><sp/><sp/><sp/><sp/></highlight><highlight class="comment">//<sp/>&lt;editor-fold<sp/>defaultstate=&quot;collapsed&quot;<sp/>desc=&quot;HttpServlet<sp/>methods.<sp/>Click<sp/>on<sp/>the<sp/>+<sp/>sign<sp/>on<sp/>the<sp/>left<sp/>to<sp/>edit<sp/>the<sp/>code.&quot;&gt;</highlight></codeline>
<codeline lineno="92"><highlight class="comment"></highlight><highlight class="normal"><sp/><sp/><sp/><sp/>@Override</highlight></codeline>
<codeline lineno="93" refid="class_welcome_servelet_1a31f53b6606c34f76392d0a8ad6cec74f" refkind="member"><highlight class="normal"><sp/><sp/><sp/><sp/></highlight><highlight class="keyword">protected</highlight><highlight class="normal"><sp/></highlight><highlight class="keywordtype">void</highlight><highlight class="normal"><sp/><ref refid="class_welcome_servelet_1a31f53b6606c34f76392d0a8ad6cec74f" kindref="member">doGet</ref>(HttpServletRequest<sp/>request,<sp/>HttpServletResponse<sp/>response)</highlight></codeline>
<codeline lineno="94"><highlight class="normal"><sp/><sp/><sp/><sp/><sp/><sp/><sp/><sp/><sp/><sp/><sp/><sp/></highlight><highlight class="keywordflow">throws</highlight><highlight class="normal"><sp/>ServletException,<sp/>IOException<sp/>{</highlight></codeline>
<codeline lineno="95"><highlight class="normal"><sp/><sp/><sp/><sp/><sp/><sp/><sp/><sp/>processRequest(request,<sp/>response);</highlight></codeline>
<codeline lineno="96"><highlight class="normal"><sp/><sp/><sp/><sp/>}</highlight></codeline>
<codeline lineno="97"><highlight class="normal"></highlight></codeline>
<codeline lineno="106"><highlight class="normal"><sp/><sp/><sp/><sp/>@Override</highlight></codeline>
<codeline lineno="107" refid="class_welcome_servelet_1a24e729e76b82516b7c9de7d1173bcad3" refkind="member"><highlight class="normal"><sp/><sp/><sp/><sp/></highlight><highlight class="keyword">protected</highlight><highlight class="normal"><sp/></highlight><highlight class="keywordtype">void</highlight><highlight class="normal"><sp/><ref refid="class_welcome_servelet_1a24e729e76b82516b7c9de7d1173bcad3" kindref="member">doPost</ref>(HttpServletRequest<sp/>request,<sp/>HttpServletResponse<sp/>response)</highlight></codeline>
<codeline lineno="108"><highlight class="normal"><sp/><sp/><sp/><sp/><sp/><sp/><sp/><sp/><sp/><sp/><sp/><sp/></highlight><highlight class="keywordflow">throws</highlight><highlight class="normal"><sp/>ServletException,<sp/>IOException<sp/>{</highlight></codeline>
<codeline lineno="109"><highlight class="normal"><sp/><sp/><sp/><sp/><sp/><sp/><sp/><sp/>processRequest(request,<sp/>response);</highlight></codeline>
<codeline lineno="110"><highlight class="normal"><sp/><sp/><sp/><sp/>}</highlight></codeline>
<codeline lineno="111"><highlight class="normal"></highlight></codeline>
<codeline lineno="117"><highlight class="normal"><sp/><sp/><sp/><sp/>@Override</highlight></codeline>
<codeline lineno="118" refid="class_welcome_servelet_1a9905a77fc2509601c0cab030c0230e84" refkind="member"><highlight class="normal"><sp/><sp/><sp/><sp/></highlight><highlight class="keyword">public</highlight><highlight class="normal"><sp/>String<sp/><ref refid="class_welcome_servelet_1a9905a77fc2509601c0cab030c0230e84" kindref="member">getServletInfo</ref>()<sp/>{</highlight></codeline>
<codeline lineno="119"><highlight class="normal"><sp/><sp/><sp/><sp/><sp/><sp/><sp/><sp/></highlight><highlight class="keywordflow">return</highlight><highlight class="normal"><sp/></highlight><highlight class="stringliteral">&quot;Short<sp/>description&quot;</highlight><highlight class="normal">;</highlight></codeline>
<codeline lineno="120"><highlight class="normal"><sp/><sp/><sp/><sp/>}</highlight><highlight class="comment">//<sp/>&lt;/editor-fold&gt;</highlight><highlight class="normal"></highlight></codeline>
<codeline lineno="121"><highlight class="normal"></highlight></codeline>
<codeline lineno="122"><highlight class="normal">}</highlight></codeline>
    </programlisting>
    <location file="src/java/WelcomeServelet.java"/>
  </compounddef>
</doxygen>
