<?xml version='1.0' encoding='UTF-8' standalone='no'?>
<doxygen xmlns:xsi="http://www.w3.org/2001/XMLSchema-instance" xsi:noNamespaceSchemaLocation="compound.xsd" version="1.8.15">
  <compounddef id="class_customer_register_servlet" kind="class" language="Java" prot="public">
    <compoundname>CustomerRegisterServlet</compoundname>
    <basecompoundref prot="public" virt="non-virtual">HttpServlet</basecompoundref>
      <sectiondef kind="protected-func">
      <memberdef kind="function" id="class_customer_register_servlet_1a107ac767839a6faf83b5530c737e94e3" prot="protected" static="no" const="no" explicit="no" inline="yes" virt="non-virtual">
        <type>void</type>
        <definition>void CustomerRegisterServlet.processRequest</definition>
        <argsstring>(HttpServletRequest request, HttpServletResponse response)</argsstring>
        <name>processRequest</name>
        <param>
          <type>HttpServletRequest</type>
          <declname>request</declname>
        </param>
        <param>
          <type>HttpServletResponse</type>
          <declname>response</declname>
        </param>
        <exceptions> throws ServletException, IOException </exceptions>
        <briefdescription>
        </briefdescription>
        <detaileddescription>
<para>Processes requests for both HTTP <computeroutput>GET</computeroutput> and <computeroutput>POST</computeroutput> methods.</para>
<para><parameterlist kind="param"><parameteritem>
<parameternamelist>
<parametername>request</parametername>
</parameternamelist>
<parameterdescription>
<para>servlet request </para>
</parameterdescription>
</parameteritem>
<parameteritem>
<parameternamelist>
<parametername>response</parametername>
</parameternamelist>
<parameterdescription>
<para>servlet response </para>
</parameterdescription>
</parameteritem>
</parameterlist>
<parameterlist kind="exception"><parameteritem>
<parameternamelist>
<parametername>ServletException</parametername>
</parameternamelist>
<parameterdescription>
<para>if a servlet-specific error occurs </para>
</parameterdescription>
</parameteritem>
<parameteritem>
<parameternamelist>
<parametername>IOException</parametername>
</parameternamelist>
<parameterdescription>
<para>if an I/O error occurs </para>
</parameterdescription>
</parameteritem>
</parameterlist>
</para>
        </detaileddescription>
        <inbodydescription>
        </inbodydescription>
        <location file="src/java/CustomerRegisterServlet.java" line="32" column="1" bodyfile="src/java/CustomerRegisterServlet.java" bodystart="32" bodyend="64"/>
      </memberdef>
      <memberdef kind="function" id="class_customer_register_servlet_1a07b3e622f75a3b6e0138917342a965f6" prot="protected" static="no" const="no" explicit="no" inline="yes" virt="non-virtual">
        <type>void</type>
        <definition>void CustomerRegisterServlet.doGet</definition>
        <argsstring>(HttpServletRequest request, HttpServletResponse response)</argsstring>
        <name>doGet</name>
        <param>
          <type>HttpServletRequest</type>
          <declname>request</declname>
        </param>
        <param>
          <type>HttpServletResponse</type>
          <declname>response</declname>
        </param>
        <exceptions> throws ServletException, IOException </exceptions>
        <briefdescription>
        </briefdescription>
        <detaileddescription>
<para>Handles the HTTP <computeroutput>GET</computeroutput> method.</para>
<para><parameterlist kind="param"><parameteritem>
<parameternamelist>
<parametername>request</parametername>
</parameternamelist>
<parameterdescription>
<para>servlet request </para>
</parameterdescription>
</parameteritem>
<parameteritem>
<parameternamelist>
<parametername>response</parametername>
</parameternamelist>
<parameterdescription>
<para>servlet response </para>
</parameterdescription>
</parameteritem>
</parameterlist>
<parameterlist kind="exception"><parameteritem>
<parameternamelist>
<parametername>ServletException</parametername>
</parameternamelist>
<parameterdescription>
<para>if a servlet-specific error occurs </para>
</parameterdescription>
</parameteritem>
<parameteritem>
<parameternamelist>
<parametername>IOException</parametername>
</parameternamelist>
<parameterdescription>
<para>if an I/O error occurs </para>
</parameterdescription>
</parameteritem>
</parameterlist>
</para>
        </detaileddescription>
        <inbodydescription>
        </inbodydescription>
        <location file="src/java/CustomerRegisterServlet.java" line="76" column="1" bodyfile="src/java/CustomerRegisterServlet.java" bodystart="76" bodyend="79"/>
      </memberdef>
      <memberdef kind="function" id="class_customer_register_servlet_1a73046b2af05ebce0606ff854c444c1cd" prot="protected" static="no" const="no" explicit="no" inline="yes" virt="non-virtual">
        <type>void</type>
        <definition>void CustomerRegisterServlet.doPost</definition>
        <argsstring>(HttpServletRequest request, HttpServletResponse response)</argsstring>
        <name>doPost</name>
        <param>
          <type>HttpServletRequest</type>
          <declname>request</declname>
        </param>
        <param>
          <type>HttpServletResponse</type>
          <declname>response</declname>
        </param>
        <exceptions> throws ServletException, IOException </exceptions>
        <briefdescription>
        </briefdescription>
        <detaileddescription>
<para>Handles the HTTP <computeroutput>POST</computeroutput> method.</para>
<para><parameterlist kind="param"><parameteritem>
<parameternamelist>
<parametername>request</parametername>
</parameternamelist>
<parameterdescription>
<para>servlet request </para>
</parameterdescription>
</parameteritem>
<parameteritem>
<parameternamelist>
<parametername>response</parametername>
</parameternamelist>
<parameterdescription>
<para>servlet response </para>
</parameterdescription>
</parameteritem>
</parameterlist>
<parameterlist kind="exception"><parameteritem>
<parameternamelist>
<parametername>ServletException</parametername>
</parameternamelist>
<parameterdescription>
<para>if a servlet-specific error occurs </para>
</parameterdescription>
</parameteritem>
<parameteritem>
<parameternamelist>
<parametername>IOException</parametername>
</parameternamelist>
<parameterdescription>
<para>if an I/O error occurs </para>
</parameterdescription>
</parameteritem>
</parameterlist>
</para>
        </detaileddescription>
        <inbodydescription>
        </inbodydescription>
        <location file="src/java/CustomerRegisterServlet.java" line="90" column="1" bodyfile="src/java/CustomerRegisterServlet.java" bodystart="90" bodyend="93"/>
      </memberdef>
      </sectiondef>
      <sectiondef kind="public-func">
      <memberdef kind="function" id="class_customer_register_servlet_1abe5627557f5da5d340e39f3409700b3e" prot="public" static="no" const="no" explicit="no" inline="yes" virt="non-virtual">
        <type>String</type>
        <definition>String CustomerRegisterServlet.getServletInfo</definition>
        <argsstring>()</argsstring>
        <name>getServletInfo</name>
        <briefdescription>
        </briefdescription>
        <detaileddescription>
<para>Returns a short description of the servlet.</para>
<para><simplesect kind="return"><para>a String containing servlet description </para>
</simplesect>
</para>
        </detaileddescription>
        <inbodydescription>
        </inbodydescription>
        <location file="src/java/CustomerRegisterServlet.java" line="101" column="1" bodyfile="src/java/CustomerRegisterServlet.java" bodystart="101" bodyend="103"/>
      </memberdef>
      </sectiondef>
    <briefdescription>
    </briefdescription>
    <detaileddescription>
<para><simplesect kind="author"><para>Asus </para>
</simplesect>
</para>
    </detaileddescription>
    <inheritancegraph>
      <node id="29">
        <label>CustomerRegisterServlet</label>
        <link refid="class_customer_register_servlet"/>
        <childnode refid="30" relation="public-inheritance">
        </childnode>
      </node>
      <node id="30">
        <label>HttpServlet</label>
      </node>
    </inheritancegraph>
    <collaborationgraph>
      <node id="31">
        <label>CustomerRegisterServlet</label>
        <link refid="class_customer_register_servlet"/>
        <childnode refid="32" relation="public-inheritance">
        </childnode>
      </node>
      <node id="32">
        <label>HttpServlet</label>
      </node>
    </collaborationgraph>
    <location file="src/java/CustomerRegisterServlet.java" line="21" column="1" bodyfile="src/java/CustomerRegisterServlet.java" bodystart="21" bodyend="105"/>
    <listofallmembers>
      <member refid="class_customer_register_servlet_1a07b3e622f75a3b6e0138917342a965f6" prot="protected" virt="non-virtual"><scope>CustomerRegisterServlet</scope><name>doGet</name></member>
      <member refid="class_customer_register_servlet_1a73046b2af05ebce0606ff854c444c1cd" prot="protected" virt="non-virtual"><scope>CustomerRegisterServlet</scope><name>doPost</name></member>
      <member refid="class_customer_register_servlet_1abe5627557f5da5d340e39f3409700b3e" prot="public" virt="non-virtual"><scope>CustomerRegisterServlet</scope><name>getServletInfo</name></member>
      <member refid="class_customer_register_servlet_1a107ac767839a6faf83b5530c737e94e3" prot="protected" virt="non-virtual"><scope>CustomerRegisterServlet</scope><name>processRequest</name></member>
    </listofallmembers>
  </compounddef>
</doxygen>
