<?xml version='1.0' encoding='UTF-8' standalone='no'?>
<doxygen xmlns:xsi="http://www.w3.org/2001/XMLSchema-instance" xsi:noNamespaceSchemaLocation="compound.xsd" version="1.8.15">
  <compounddef id="class_welcome_servelet" kind="class" language="Java" prot="public">
    <compoundname>WelcomeServelet</compoundname>
    <basecompoundref prot="public" virt="non-virtual">HttpServlet</basecompoundref>
      <sectiondef kind="protected-func">
      <memberdef kind="function" id="class_welcome_servelet_1afde59590274b4c3f95446e9f08fea5ef" prot="protected" static="no" const="no" explicit="no" inline="yes" virt="non-virtual">
        <type>void</type>
        <definition>void WelcomeServelet.processRequest</definition>
        <argsstring>(HttpServletRequest request, HttpServletResponse response)</argsstring>
        <name>processRequest</name>
        <param>
          <type>HttpServletRequest</type>
          <declname>request</declname>
        </param>
        <param>
          <type>HttpServletResponse</type>
          <declname>response</declname>
        </param>
        <exceptions> throws ServletException, IOException </exceptions>
        <briefdescription>
        </briefdescription>
        <detaileddescription>
<para>Processes requests for both HTTP <computeroutput>GET</computeroutput> and <computeroutput>POST</computeroutput> methods.</para>
<para><parameterlist kind="param"><parameteritem>
<parameternamelist>
<parametername>request</parametername>
</parameternamelist>
<parameterdescription>
<para>servlet request </para>
</parameterdescription>
</parameteritem>
<parameteritem>
<parameternamelist>
<parametername>response</parametername>
</parameternamelist>
<parameterdescription>
<para>servlet response </para>
</parameterdescription>
</parameteritem>
</parameterlist>
<parameterlist kind="exception"><parameteritem>
<parameternamelist>
<parametername>ServletException</parametername>
</parameternamelist>
<parameterdescription>
<para>if a servlet-specific error occurs </para>
</parameterdescription>
</parameteritem>
<parameteritem>
<parameternamelist>
<parametername>IOException</parametername>
</parameternamelist>
<parameterdescription>
<para>if an I/O error occurs </para>
</parameterdescription>
</parameteritem>
</parameterlist>
</para>
        </detaileddescription>
        <inbodydescription>
        </inbodydescription>
        <location file="src/java/WelcomeServelet.java" line="33" column="1" bodyfile="src/java/WelcomeServelet.java" bodystart="33" bodyend="81"/>
      </memberdef>
      <memberdef kind="function" id="class_welcome_servelet_1a31f53b6606c34f76392d0a8ad6cec74f" prot="protected" static="no" const="no" explicit="no" inline="yes" virt="non-virtual">
        <type>void</type>
        <definition>void WelcomeServelet.doGet</definition>
        <argsstring>(HttpServletRequest request, HttpServletResponse response)</argsstring>
        <name>doGet</name>
        <param>
          <type>HttpServletRequest</type>
          <declname>request</declname>
        </param>
        <param>
          <type>HttpServletResponse</type>
          <declname>response</declname>
        </param>
        <exceptions> throws ServletException, IOException </exceptions>
        <briefdescription>
        </briefdescription>
        <detaileddescription>
<para>Handles the HTTP <computeroutput>GET</computeroutput> method.</para>
<para><parameterlist kind="param"><parameteritem>
<parameternamelist>
<parametername>request</parametername>
</parameternamelist>
<parameterdescription>
<para>servlet request </para>
</parameterdescription>
</parameteritem>
<parameteritem>
<parameternamelist>
<parametername>response</parametername>
</parameternamelist>
<parameterdescription>
<para>servlet response </para>
</parameterdescription>
</parameteritem>
</parameterlist>
<parameterlist kind="exception"><parameteritem>
<parameternamelist>
<parametername>ServletException</parametername>
</parameternamelist>
<parameterdescription>
<para>if a servlet-specific error occurs </para>
</parameterdescription>
</parameteritem>
<parameteritem>
<parameternamelist>
<parametername>IOException</parametername>
</parameternamelist>
<parameterdescription>
<para>if an I/O error occurs </para>
</parameterdescription>
</parameteritem>
</parameterlist>
</para>
        </detaileddescription>
        <inbodydescription>
        </inbodydescription>
        <location file="src/java/WelcomeServelet.java" line="93" column="1" bodyfile="src/java/WelcomeServelet.java" bodystart="93" bodyend="96"/>
      </memberdef>
      <memberdef kind="function" id="class_welcome_servelet_1a24e729e76b82516b7c9de7d1173bcad3" prot="protected" static="no" const="no" explicit="no" inline="yes" virt="non-virtual">
        <type>void</type>
        <definition>void WelcomeServelet.doPost</definition>
        <argsstring>(HttpServletRequest request, HttpServletResponse response)</argsstring>
        <name>doPost</name>
        <param>
          <type>HttpServletRequest</type>
          <declname>request</declname>
        </param>
        <param>
          <type>HttpServletResponse</type>
          <declname>response</declname>
        </param>
        <exceptions> throws ServletException, IOException </exceptions>
        <briefdescription>
        </briefdescription>
        <detaileddescription>
<para>Handles the HTTP <computeroutput>POST</computeroutput> method.</para>
<para><parameterlist kind="param"><parameteritem>
<parameternamelist>
<parametername>request</parametername>
</parameternamelist>
<parameterdescription>
<para>servlet request </para>
</parameterdescription>
</parameteritem>
<parameteritem>
<parameternamelist>
<parametername>response</parametername>
</parameternamelist>
<parameterdescription>
<para>servlet response </para>
</parameterdescription>
</parameteritem>
</parameterlist>
<parameterlist kind="exception"><parameteritem>
<parameternamelist>
<parametername>ServletException</parametername>
</parameternamelist>
<parameterdescription>
<para>if a servlet-specific error occurs </para>
</parameterdescription>
</parameteritem>
<parameteritem>
<parameternamelist>
<parametername>IOException</parametername>
</parameternamelist>
<parameterdescription>
<para>if an I/O error occurs </para>
</parameterdescription>
</parameteritem>
</parameterlist>
</para>
        </detaileddescription>
        <inbodydescription>
        </inbodydescription>
        <location file="src/java/WelcomeServelet.java" line="107" column="1" bodyfile="src/java/WelcomeServelet.java" bodystart="107" bodyend="110"/>
      </memberdef>
      </sectiondef>
      <sectiondef kind="public-func">
      <memberdef kind="function" id="class_welcome_servelet_1a9905a77fc2509601c0cab030c0230e84" prot="public" static="no" const="no" explicit="no" inline="yes" virt="non-virtual">
        <type>String</type>
        <definition>String WelcomeServelet.getServletInfo</definition>
        <argsstring>()</argsstring>
        <name>getServletInfo</name>
        <briefdescription>
        </briefdescription>
        <detaileddescription>
<para>Returns a short description of the servlet.</para>
<para><simplesect kind="return"><para>a String containing servlet description </para>
</simplesect>
</para>
        </detaileddescription>
        <inbodydescription>
        </inbodydescription>
        <location file="src/java/WelcomeServelet.java" line="118" column="1" bodyfile="src/java/WelcomeServelet.java" bodystart="118" bodyend="120"/>
      </memberdef>
      </sectiondef>
    <briefdescription>
    </briefdescription>
    <detaileddescription>
<para><simplesect kind="author"><para>Asus </para>
</simplesect>
</para>
    </detaileddescription>
    <inheritancegraph>
      <node id="53">
        <label>WelcomeServelet</label>
        <link refid="class_welcome_servelet"/>
        <childnode refid="54" relation="public-inheritance">
        </childnode>
      </node>
      <node id="54">
        <label>HttpServlet</label>
      </node>
    </inheritancegraph>
    <collaborationgraph>
      <node id="55">
        <label>WelcomeServelet</label>
        <link refid="class_welcome_servelet"/>
        <childnode refid="56" relation="public-inheritance">
        </childnode>
      </node>
      <node id="56">
        <label>HttpServlet</label>
      </node>
    </collaborationgraph>
    <location file="src/java/WelcomeServelet.java" line="22" column="1" bodyfile="src/java/WelcomeServelet.java" bodystart="22" bodyend="122"/>
    <listofallmembers>
      <member refid="class_welcome_servelet_1a31f53b6606c34f76392d0a8ad6cec74f" prot="protected" virt="non-virtual"><scope>WelcomeServelet</scope><name>doGet</name></member>
      <member refid="class_welcome_servelet_1a24e729e76b82516b7c9de7d1173bcad3" prot="protected" virt="non-virtual"><scope>WelcomeServelet</scope><name>doPost</name></member>
      <member refid="class_welcome_servelet_1a9905a77fc2509601c0cab030c0230e84" prot="public" virt="non-virtual"><scope>WelcomeServelet</scope><name>getServletInfo</name></member>
      <member refid="class_welcome_servelet_1afde59590274b4c3f95446e9f08fea5ef" prot="protected" virt="non-virtual"><scope>WelcomeServelet</scope><name>processRequest</name></member>
    </listofallmembers>
  </compounddef>
</doxygen>
