<?xml version='1.0' encoding='UTF-8' standalone='no'?>
<doxygen xmlns:xsi="http://www.w3.org/2001/XMLSchema-instance" xsi:noNamespaceSchemaLocation="compound.xsd" version="1.8.15">
  <compounddef id="class_customer_logout_servelet" kind="class" language="Java" prot="public">
    <compoundname>CustomerLogoutServelet</compoundname>
    <basecompoundref prot="public" virt="non-virtual">HttpServlet</basecompoundref>
      <sectiondef kind="protected-func">
      <memberdef kind="function" id="class_customer_logout_servelet_1ae054a92974c047b987a6b978da7933bf" prot="protected" static="no" const="no" explicit="no" inline="yes" virt="non-virtual">
        <type>void</type>
        <definition>void CustomerLogoutServelet.processRequest</definition>
        <argsstring>(HttpServletRequest request, HttpServletResponse response)</argsstring>
        <name>processRequest</name>
        <param>
          <type>HttpServletRequest</type>
          <declname>request</declname>
        </param>
        <param>
          <type>HttpServletResponse</type>
          <declname>response</declname>
        </param>
        <exceptions> throws ServletException, IOException </exceptions>
        <briefdescription>
        </briefdescription>
        <detaileddescription>
<para>Processes requests for both HTTP <computeroutput>GET</computeroutput> and <computeroutput>POST</computeroutput> methods.</para>
<para><parameterlist kind="param"><parameteritem>
<parameternamelist>
<parametername>request</parametername>
</parameternamelist>
<parameterdescription>
<para>servlet request </para>
</parameterdescription>
</parameteritem>
<parameteritem>
<parameternamelist>
<parametername>response</parametername>
</parameternamelist>
<parameterdescription>
<para>servlet response </para>
</parameterdescription>
</parameteritem>
</parameterlist>
<parameterlist kind="exception"><parameteritem>
<parameternamelist>
<parametername>ServletException</parametername>
</parameternamelist>
<parameterdescription>
<para>if a servlet-specific error occurs </para>
</parameterdescription>
</parameteritem>
<parameteritem>
<parameternamelist>
<parametername>IOException</parametername>
</parameternamelist>
<parameterdescription>
<para>if an I/O error occurs </para>
</parameterdescription>
</parameteritem>
</parameterlist>
</para>
        </detaileddescription>
        <inbodydescription>
        </inbodydescription>
        <location file="src/java/CustomerLogoutServelet.java" line="30" column="1" bodyfile="src/java/CustomerLogoutServelet.java" bodystart="30" bodyend="46"/>
      </memberdef>
      <memberdef kind="function" id="class_customer_logout_servelet_1a72e196fe29f23ff2e9aec1d0537b20a9" prot="protected" static="no" const="no" explicit="no" inline="yes" virt="non-virtual">
        <type>void</type>
        <definition>void CustomerLogoutServelet.doGet</definition>
        <argsstring>(HttpServletRequest request, HttpServletResponse response)</argsstring>
        <name>doGet</name>
        <param>
          <type>HttpServletRequest</type>
          <declname>request</declname>
        </param>
        <param>
          <type>HttpServletResponse</type>
          <declname>response</declname>
        </param>
        <exceptions> throws ServletException, IOException </exceptions>
        <briefdescription>
        </briefdescription>
        <detaileddescription>
<para>Handles the HTTP <computeroutput>GET</computeroutput> method.</para>
<para><parameterlist kind="param"><parameteritem>
<parameternamelist>
<parametername>request</parametername>
</parameternamelist>
<parameterdescription>
<para>servlet request </para>
</parameterdescription>
</parameteritem>
<parameteritem>
<parameternamelist>
<parametername>response</parametername>
</parameternamelist>
<parameterdescription>
<para>servlet response </para>
</parameterdescription>
</parameteritem>
</parameterlist>
<parameterlist kind="exception"><parameteritem>
<parameternamelist>
<parametername>ServletException</parametername>
</parameternamelist>
<parameterdescription>
<para>if a servlet-specific error occurs </para>
</parameterdescription>
</parameteritem>
<parameteritem>
<parameternamelist>
<parametername>IOException</parametername>
</parameternamelist>
<parameterdescription>
<para>if an I/O error occurs </para>
</parameterdescription>
</parameteritem>
</parameterlist>
</para>
        </detaileddescription>
        <inbodydescription>
        </inbodydescription>
        <location file="src/java/CustomerLogoutServelet.java" line="58" column="1" bodyfile="src/java/CustomerLogoutServelet.java" bodystart="58" bodyend="61"/>
      </memberdef>
      <memberdef kind="function" id="class_customer_logout_servelet_1aa53ae0f8d85d6e606c1ba73ee0323154" prot="protected" static="no" const="no" explicit="no" inline="yes" virt="non-virtual">
        <type>void</type>
        <definition>void CustomerLogoutServelet.doPost</definition>
        <argsstring>(HttpServletRequest request, HttpServletResponse response)</argsstring>
        <name>doPost</name>
        <param>
          <type>HttpServletRequest</type>
          <declname>request</declname>
        </param>
        <param>
          <type>HttpServletResponse</type>
          <declname>response</declname>
        </param>
        <exceptions> throws ServletException, IOException </exceptions>
        <briefdescription>
        </briefdescription>
        <detaileddescription>
<para>Handles the HTTP <computeroutput>POST</computeroutput> method.</para>
<para><parameterlist kind="param"><parameteritem>
<parameternamelist>
<parametername>request</parametername>
</parameternamelist>
<parameterdescription>
<para>servlet request </para>
</parameterdescription>
</parameteritem>
<parameteritem>
<parameternamelist>
<parametername>response</parametername>
</parameternamelist>
<parameterdescription>
<para>servlet response </para>
</parameterdescription>
</parameteritem>
</parameterlist>
<parameterlist kind="exception"><parameteritem>
<parameternamelist>
<parametername>ServletException</parametername>
</parameternamelist>
<parameterdescription>
<para>if a servlet-specific error occurs </para>
</parameterdescription>
</parameteritem>
<parameteritem>
<parameternamelist>
<parametername>IOException</parametername>
</parameternamelist>
<parameterdescription>
<para>if an I/O error occurs </para>
</parameterdescription>
</parameteritem>
</parameterlist>
</para>
        </detaileddescription>
        <inbodydescription>
        </inbodydescription>
        <location file="src/java/CustomerLogoutServelet.java" line="72" column="1" bodyfile="src/java/CustomerLogoutServelet.java" bodystart="72" bodyend="75"/>
      </memberdef>
      </sectiondef>
      <sectiondef kind="public-func">
      <memberdef kind="function" id="class_customer_logout_servelet_1a171129d06a58f02bcc8d473e55abf47c" prot="public" static="no" const="no" explicit="no" inline="yes" virt="non-virtual">
        <type>String</type>
        <definition>String CustomerLogoutServelet.getServletInfo</definition>
        <argsstring>()</argsstring>
        <name>getServletInfo</name>
        <briefdescription>
        </briefdescription>
        <detaileddescription>
<para>Returns a short description of the servlet.</para>
<para><simplesect kind="return"><para>a String containing servlet description </para>
</simplesect>
</para>
        </detaileddescription>
        <inbodydescription>
        </inbodydescription>
        <location file="src/java/CustomerLogoutServelet.java" line="83" column="1" bodyfile="src/java/CustomerLogoutServelet.java" bodystart="83" bodyend="85"/>
      </memberdef>
      </sectiondef>
    <briefdescription>
    </briefdescription>
    <detaileddescription>
<para><simplesect kind="author"><para>Asus </para>
</simplesect>
</para>
    </detaileddescription>
    <inheritancegraph>
      <node id="26">
        <label>HttpServlet</label>
      </node>
      <node id="25">
        <label>CustomerLogoutServelet</label>
        <link refid="class_customer_logout_servelet"/>
        <childnode refid="26" relation="public-inheritance">
        </childnode>
      </node>
    </inheritancegraph>
    <collaborationgraph>
      <node id="28">
        <label>HttpServlet</label>
      </node>
      <node id="27">
        <label>CustomerLogoutServelet</label>
        <link refid="class_customer_logout_servelet"/>
        <childnode refid="28" relation="public-inheritance">
        </childnode>
      </node>
    </collaborationgraph>
    <location file="src/java/CustomerLogoutServelet.java" line="19" column="1" bodyfile="src/java/CustomerLogoutServelet.java" bodystart="19" bodyend="87"/>
    <listofallmembers>
      <member refid="class_customer_logout_servelet_1a72e196fe29f23ff2e9aec1d0537b20a9" prot="protected" virt="non-virtual"><scope>CustomerLogoutServelet</scope><name>doGet</name></member>
      <member refid="class_customer_logout_servelet_1aa53ae0f8d85d6e606c1ba73ee0323154" prot="protected" virt="non-virtual"><scope>CustomerLogoutServelet</scope><name>doPost</name></member>
      <member refid="class_customer_logout_servelet_1a171129d06a58f02bcc8d473e55abf47c" prot="public" virt="non-virtual"><scope>CustomerLogoutServelet</scope><name>getServletInfo</name></member>
      <member refid="class_customer_logout_servelet_1ae054a92974c047b987a6b978da7933bf" prot="protected" virt="non-virtual"><scope>CustomerLogoutServelet</scope><name>processRequest</name></member>
    </listofallmembers>
  </compounddef>
</doxygen>
