<?xml version='1.0' encoding='UTF-8' standalone='no'?>
<doxygen xmlns:xsi="http://www.w3.org/2001/XMLSchema-instance" xsi:noNamespaceSchemaLocation="compound.xsd" version="1.8.15">
  <compounddef id="interface_customer_interface" kind="interface" language="Java" prot="public">
    <compoundname>CustomerInterface</compoundname>
    <basecompoundref prot="public" virt="non-virtual">Remote</basecompoundref>
    <derivedcompoundref refid="class_customer_inerface_impl" prot="public" virt="non-virtual">CustomerInerfaceImpl</derivedcompoundref>
      <sectiondef kind="public-func">
      <memberdef kind="function" id="interface_customer_interface_1ae6fd6f70022bbb0e6600c7bcaf3e139c" prot="public" static="no" const="no" explicit="no" inline="no" virt="non-virtual">
        <type>List&lt; <ref refid="class_customer" kindref="compound">Customer</ref> &gt;</type>
        <definition>List&lt;Customer&gt; CustomerInterface.getCustomer</definition>
        <argsstring>()</argsstring>
        <name>getCustomer</name>
        <reimplementedby refid="class_customer_inerface_impl_1a488e7019e10ff327c1ddda2df06aafc2">getCustomer</reimplementedby>
        <exceptions> throws RemoteException</exceptions>
        <briefdescription>
        </briefdescription>
        <detaileddescription>
        </detaileddescription>
        <inbodydescription>
        </inbodydescription>
        <location file="src/java/CustomerInterface.java" line="18" column="1"/>
      </memberdef>
      <memberdef kind="function" id="interface_customer_interface_1a9ab16776cf93e41a43e58f890189e3d1" prot="public" static="no" const="no" explicit="no" inline="no" virt="non-virtual">
        <type>String</type>
        <definition>String CustomerInterface.sayHello</definition>
        <argsstring>(String name)</argsstring>
        <name>sayHello</name>
        <reimplementedby refid="class_customer_inerface_impl_1abf7eca8202321d451365ad57abe6d6de">sayHello</reimplementedby>
        <param>
          <type>String</type>
          <declname>name</declname>
        </param>
        <exceptions> throws RemoteException</exceptions>
        <briefdescription>
        </briefdescription>
        <detaileddescription>
        </detaileddescription>
        <inbodydescription>
        </inbodydescription>
        <location file="src/java/CustomerInterface.java" line="20" column="1"/>
      </memberdef>
      <memberdef kind="function" id="interface_customer_interface_1aded022cc5a8b728bc07ded2267fd4f07" prot="public" static="no" const="no" explicit="no" inline="no" virt="non-virtual">
        <type>boolean</type>
        <definition>boolean CustomerInterface.loginCheck</definition>
        <argsstring>(String email, String password)</argsstring>
        <name>loginCheck</name>
        <reimplementedby refid="class_customer_inerface_impl_1a508e5e0b67fd7dc5b0852af19d20bc31">loginCheck</reimplementedby>
        <param>
          <type>String</type>
          <declname>email</declname>
        </param>
        <param>
          <type>String</type>
          <declname>password</declname>
        </param>
        <exceptions> throws RemoteException</exceptions>
        <briefdescription>
        </briefdescription>
        <detaileddescription>
        </detaileddescription>
        <inbodydescription>
        </inbodydescription>
        <location file="src/java/CustomerInterface.java" line="22" column="1"/>
      </memberdef>
      <memberdef kind="function" id="interface_customer_interface_1ad0130eaa14a8f40060a9328aeedab244" prot="public" static="no" const="no" explicit="no" inline="no" virt="non-virtual">
        <type>boolean</type>
        <definition>boolean CustomerInterface.registerCustomer</definition>
        <argsstring>(String name, String email, String password)</argsstring>
        <name>registerCustomer</name>
        <reimplementedby refid="class_customer_inerface_impl_1aa5029a5038b56d80f3858d8e259f2f20">registerCustomer</reimplementedby>
        <param>
          <type>String</type>
          <declname>name</declname>
        </param>
        <param>
          <type>String</type>
          <declname>email</declname>
        </param>
        <param>
          <type>String</type>
          <declname>password</declname>
        </param>
        <exceptions> throws RemoteException</exceptions>
        <briefdescription>
        </briefdescription>
        <detaileddescription>
        </detaileddescription>
        <inbodydescription>
        </inbodydescription>
        <location file="src/java/CustomerInterface.java" line="24" column="1"/>
      </memberdef>
      <memberdef kind="function" id="interface_customer_interface_1a671bbfd3dfb9bbc58d3c9d04f38da627" prot="public" static="no" const="no" explicit="no" inline="no" virt="non-virtual">
        <type>ArrayList&lt; <ref refid="class_product" kindref="compound">Product</ref> &gt;</type>
        <definition>ArrayList&lt;Product&gt; CustomerInterface.getProduct</definition>
        <argsstring>()</argsstring>
        <name>getProduct</name>
        <reimplementedby refid="class_customer_inerface_impl_1aae8b5ef23db5d8e651663cd8e29ac013">getProduct</reimplementedby>
        <exceptions> throws RemoteException</exceptions>
        <briefdescription>
        </briefdescription>
        <detaileddescription>
        </detaileddescription>
        <inbodydescription>
        </inbodydescription>
        <location file="src/java/CustomerInterface.java" line="26" column="1"/>
      </memberdef>
      </sectiondef>
    <briefdescription>
    </briefdescription>
    <detaileddescription>
<para><simplesect kind="author"><para>Asus </para>
</simplesect>
</para>
    </detaileddescription>
    <inheritancegraph>
      <node id="16">
        <label>CustomerInterface</label>
        <link refid="interface_customer_interface"/>
        <childnode refid="17" relation="public-inheritance">
        </childnode>
      </node>
      <node id="18">
        <label>CustomerInerfaceImpl</label>
        <link refid="class_customer_inerface_impl"/>
        <childnode refid="16" relation="public-inheritance">
        </childnode>
      </node>
      <node id="17">
        <label>Remote</label>
      </node>
    </inheritancegraph>
    <collaborationgraph>
      <node id="19">
        <label>CustomerInterface</label>
        <link refid="interface_customer_interface"/>
        <childnode refid="20" relation="public-inheritance">
        </childnode>
      </node>
      <node id="20">
        <label>Remote</label>
      </node>
    </collaborationgraph>
    <location file="src/java/CustomerInterface.java" line="16" column="1" bodyfile="src/java/CustomerInterface.java" bodystart="16" bodyend="27"/>
    <listofallmembers>
      <member refid="interface_customer_interface_1ae6fd6f70022bbb0e6600c7bcaf3e139c" prot="public" virt="non-virtual"><scope>CustomerInterface</scope><name>getCustomer</name></member>
      <member refid="interface_customer_interface_1a671bbfd3dfb9bbc58d3c9d04f38da627" prot="public" virt="non-virtual"><scope>CustomerInterface</scope><name>getProduct</name></member>
      <member refid="interface_customer_interface_1aded022cc5a8b728bc07ded2267fd4f07" prot="public" virt="non-virtual"><scope>CustomerInterface</scope><name>loginCheck</name></member>
      <member refid="interface_customer_interface_1ad0130eaa14a8f40060a9328aeedab244" prot="public" virt="non-virtual"><scope>CustomerInterface</scope><name>registerCustomer</name></member>
      <member refid="interface_customer_interface_1a9ab16776cf93e41a43e58f890189e3d1" prot="public" virt="non-virtual"><scope>CustomerInterface</scope><name>sayHello</name></member>
    </listofallmembers>
  </compounddef>
</doxygen>
