<?xml version='1.0' encoding='UTF-8' standalone='no'?>
<doxygen xmlns:xsi="http://www.w3.org/2001/XMLSchema-instance" xsi:noNamespaceSchemaLocation="compound.xsd" version="1.8.15">
  <compounddef id="namespacejava_1_1util" kind="namespace" language="Java">
    <compoundname>java::util</compoundname>
    <briefdescription>
    </briefdescription>
    <detaileddescription>
    </detaileddescription>
    <location file="src/java/CustomerLoginServlet.java" line="1" column="1"/>
  </compounddef>
</doxygen>
