<?xml version="1.0" encoding="UTF-8"?>
<project-private xmlns="http://www.netbeans.org/ns/project-private/1">
    <editor-bookmarks xmlns="http://www.netbeans.org/ns/editor-bookmarks/2" lastBookmarkId="0"/>
    <open-files xmlns="http://www.netbeans.org/ns/projectui-open-files/2">
        <group>
            <file>file:/F:/4.2/NetProgLab/WebApplication1/src/java/DatabaseHandler.java</file>
            <file>file:/F:/4.2/NetProgLab/WebApplication1/src/java/login.java</file>
            <file>file:/F:/4.2/NetProgLab/WebApplication1/web/scss/theme/_header.scss</file>
            <file>file:/F:/4.2/NetProgLab/WebApplication1/web/home.html</file>
            <file>file:/F:/4.2/NetProgLab/WebApplication1/web/index.html</file>
            <file>file:/F:/4.2/NetProgLab/WebApplication1/src/java/CustomerLoginServlet.java</file>
            <file>file:/F:/4.2/NetProgLab/WebApplication1/src/java/CartServlet.java</file>
            <file>file:/F:/4.2/NetProgLab/WebApplication1/src/java/CustomerRegisterServlet.java</file>
            <file>file:/F:/4.2/NetProgLab/WebApplication1/src/java/HelloInterfaceImpl.java</file>
            <file>file:/F:/4.2/NetProgLab/WebApplication1/web/single-product.html</file>
            <file>file:/F:/4.2/NetProgLab/WebApplication1/src/java/RMIServer.java</file>
            <file>file:/F:/4.2/NetProgLab/WebApplication1/src/java/CustomerInerfaceImpl.java</file>
            <file>file:/F:/4.2/NetProgLab/WebApplication1/nbproject/build-impl.xml</file>
            <file>file:/F:/4.2/NetProgLab/WebApplication1/src/java/HelloInterFace.java</file>
            <file>file:/F:/4.2/NetProgLab/WebApplication1/src/java/CustomerLogoutServelet.java</file>
            <file>file:/F:/4.2/NetProgLab/WebApplication1/web/register.html</file>
            <file>file:/F:/4.2/NetProgLab/WebApplication1/src/java/ProductDetailsServlet.java</file>
            <file>file:/F:/4.2/NetProgLab/WebApplication1/src/java/ProductServlet.java</file>
            <file>file:/F:/4.2/NetProgLab/WebApplication1/src/java/Product.java</file>
            <file>file:/F:/4.2/NetProgLab/WebApplication1/src/java/CustomerInterface.java</file>
            <file>file:/F:/4.2/NetProgLab/WebApplication1/src/java/WelcomeServelet.java</file>
            <file>file:/F:/4.2/NetProgLab/WebApplication1/web/WEB-INF/web.xml</file>
            <file>file:/F:/4.2/NetProgLab/WebApplication1/src/java/Customer.java</file>
            <file>file:/F:/4.2/NetProgLab/WebApplication1/src/java/NewServlet.java</file>
        </group>
    </open-files>
</project-private>
